group_id,group_name,group_type,members,created_date,total_expenses,settlement_complete,min_credit_score_req,dispute_count
group_001,Flat 4B Utilities #001,project,user_014|user_022|user_024|user_044|user_046|user_052|user_054|user_055|user_059|user_065|user_071|user_072|user_074|user_082|user_085|user_086|user_087|user_090|user_096|user_099,2023-07-21,637690.15,False,680.0,2
group_002,Goa Trip 2023 #002,trip,user_028|user_031|user_033|user_042|user_047|user_048|user_049|user_051|user_053|user_056|user_058|user_070|user_071|user_073|user_078|user_082|user_093|user_096|user_098|user_099,2022-03-18,801102.2,False,,5
group_003,Project Field Study #003,project,user_001|user_003|user_028|user_029|user_036|user_039|user_041|user_066|user_071|user_072|user_089|user_099,2021-08-29,983595.07,True,735.0,3
group_004,Startup Sprint Ops #004,trip,user_018|user_030|user_032|user_033|user_034|user_047|user_075,2023-06-06,790757.6,False,,5
group_005,Goa Trip 2023 #005,trip,user_005|user_013|user_023|user_039|user_049|user_062|user_063|user_074|user_077|user_083|user_089|user_090|user_094,2022-06-04,760978.77,False,722.0,6
group_006,Friends Weekend Plan #006,trip,user_002|user_030|user_078|user_084|user_096|user_099,2022-04-19,745253.5,False,,11
group_007,Flat 4B Utilities #007,friends,user_007|user_012|user_020|user_029|user_051|user_058|user_065|user_074|user_077|user_087|user_090|user_094|user_097,2022-03-27,742931.55,False,,2
group_008,Flat 4B Utilities #008,friends,user_007|user_011|user_017|user_034|user_052|user_056|user_061|user_065|user_071|user_074|user_090|user_096|user_100,2023-05-19,675728.21,True,,6
group_009,Goa Trip 2023 #009,startup,user_010|user_012|user_015|user_025|user_032|user_035|user_042|user_045|user_047|user_053|user_055|user_056|user_068|user_074|user_077|user_079|user_086|user_088|user_095|user_100,2021-09-20,718196.23,False,,3
group_010,Startup Sprint Ops #010,trip,user_002|user_006|user_007|user_011|user_015|user_019|user_020|user_026|user_030|user_032|user_037|user_048|user_080|user_088|user_094|user_095|user_097,2022-04-19,740946.34,False,511.0,4
group_011,Friends Weekend Plan #011,project,user_027|user_028|user_034|user_067|user_069|user_070|user_071|user_095|user_097,2021-08-08,761938.3,False,509.0,2
group_012,Startup Sprint Ops #012,friends,user_002|user_003|user_006|user_007|user_008|user_009|user_014|user_022|user_026|user_033|user_035|user_037|user_047|user_050|user_060|user_080|user_084|user_085|user_090,2021-12-26,725090.55,False,,6
group_013,Project Field Study #013,startup,user_003|user_006|user_012|user_024|user_026|user_032|user_059|user_063|user_065|user_069|user_072|user_077|user_092,2022-06-03,619718.14,False,,5
group_014,Startup Sprint Ops #014,friends,user_004|user_008|user_020|user_029|user_031|user_033|user_036|user_039|user_046|user_050|user_065|user_072|user_081|user_088,2023-10-18,977433.3,True,,6
group_015,Flat 4B Utilities #015,startup,user_017|user_018|user_020|user_026|user_027|user_031|user_040|user_043|user_055|user_058|user_070|user_074|user_075|user_078|user_084|user_088,2023-12-06,835416.87,False,,6
group_016,Friends Weekend Plan #016,startup,user_004|user_009|user_016|user_019|user_021|user_024|user_041|user_053|user_069|user_072|user_073|user_084|user_093|user_094|user_098|user_099,2022-11-20,854818.97,False,,2
group_017,Project Field Study #017,flatmates,user_004|user_014|user_017|user_024|user_035|user_073|user_078|user_079|user_098,2023-07-16,747109.06,True,513.0,3
group_018,Project Field Study #018,friends,user_018|user_062|user_065|user_089|user_100,2023-10-07,602651.6,False,698.0,2
group_019,Friends Weekend Plan #019,startup,user_002|user_005|user_009|user_018|user_021|user_023|user_025|user_026|user_027|user_029|user_035|user_053|user_057|user_079|user_086|user_096|user_097|user_098,2022-12-12,810533.96,False,718.0,6
group_020,Startup Sprint Ops #020,friends,user_049|user_078|user_093|user_095,2023-08-08,680214.52,False,,5
group_021,Startup Sprint Ops #021,friends,user_006|user_007|user_014|user_025|user_032|user_038|user_039|user_050|user_051|user_057|user_058|user_059|user_067|user_069|user_072|user_081|user_095|user_098|user_100,2021-09-16,754613.66,False,,4
group_022,Friends Weekend Plan #022,project,user_004|user_012|user_015|user_018|user_023|user_024|user_042|user_051|user_053|user_058|user_065|user_070|user_075|user_083|user_090|user_093|user_100,2021-11-10,826065.64,False,546.0,9
group_023,Project Field Study #023,friends,user_011|user_012|user_015|user_016|user_021|user_047|user_058|user_082|user_084|user_089|user_091|user_092|user_094,2023-03-06,689934.77,False,581.0,5
group_024,Goa Trip 2023 #024,flatmates,user_006|user_007|user_019|user_020|user_021|user_022|user_023|user_024|user_037|user_040|user_043|user_049|user_054|user_058|user_073|user_081|user_085|user_092|user_094|user_099,2021-11-12,661955.39,True,,6
group_025,Project Field Study #025,project,user_001|user_011|user_028|user_031|user_032|user_036|user_053|user_057|user_059|user_061|user_064|user_070|user_071|user_076|user_077|user_078|user_085,2021-11-19,737506.81,True,,4
group_026,Startup Sprint Ops #026,project,user_005|user_007|user_012|user_014|user_019|user_021|user_023|user_039|user_043|user_054|user_074|user_078|user_086|user_087,2023-10-24,864006.87,False,590.0,13
group_027,Goa Trip 2023 #027,startup,user_005|user_009|user_012|user_018|user_038|user_039|user_042|user_048|user_049|user_055|user_061|user_071|user_098|user_099,2022-05-27,628846.14,False,,3
group_028,Project Field Study #028,startup,user_008|user_012|user_014|user_062|user_068|user_074|user_079|user_081|user_094,2022-10-26,757634.86,False,662.0,4
group_029,Goa Trip 2023 #029,flatmates,user_001|user_004|user_016|user_017|user_024|user_025|user_030|user_038|user_046|user_060|user_064|user_067|user_073|user_074|user_079|user_080|user_081|user_091|user_094,2023-08-14,678755.05,False,,2
group_030,Project Field Study #030,startup,user_002|user_009|user_026|user_028|user_033|user_037|user_039|user_040|user_045|user_065|user_072|user_082|user_089,2021-01-10,676912.78,True,670.0,4
group_031,Friends Weekend Plan #031,project,user_004|user_005|user_018|user_020|user_023|user_025|user_043|user_044|user_061|user_062|user_073|user_079|user_083|user_087|user_093,2022-06-05,827965.29,False,,7
group_032,Project Field Study #032,flatmates,user_003|user_004|user_009|user_020|user_027|user_036|user_039|user_041|user_043|user_044|user_046|user_049|user_069|user_072|user_073|user_074|user_087|user_088|user_093,2023-06-06,752255.24,False,,3
group_033,Project Field Study #033,startup,user_005|user_012|user_028|user_031|user_035|user_039|user_041|user_048|user_053|user_058|user_064|user_091,2021-09-29,696995.14,True,,4
group_034,Flat 4B Utilities #034,startup,user_004|user_020|user_057|user_062|user_065,2023-01-22,798307.44,False,768.0,4
group_035,Goa Trip 2023 #035,startup,user_005|user_013|user_015|user_017|user_019|user_027|user_050|user_059|user_067|user_087|user_092|user_093|user_099,2021-03-10,869200.05,False,544.0,5
group_036,Project Field Study #036,startup,user_003|user_006|user_014|user_025|user_026|user_027|user_036|user_037|user_040|user_042|user_067|user_074|user_082|user_085|user_096|user_098|user_099,2022-11-17,870017.18,False,,5
group_037,Project Field Study #037,startup,user_002|user_014|user_015|user_027|user_036|user_066|user_072|user_080,2023-05-04,764841.13,False,572.0,4
group_038,Friends Weekend Plan #038,trip,user_004|user_007|user_010|user_017|user_022|user_040|user_044|user_057|user_070|user_079,2021-06-14,651328.84,False,544.0,4
group_039,Project Field Study #039,trip,user_023|user_026|user_040|user_043|user_046|user_058|user_076|user_077|user_079|user_081|user_089|user_090|user_091|user_092|user_098,2022-12-25,670149.96,False,547.0,5
group_040,Friends Weekend Plan #040,friends,user_040|user_059|user_083|user_088|user_091|user_099,2021-12-26,760804.58,False,573.0,6
group_041,Friends Weekend Plan #041,flatmates,user_004|user_009|user_015|user_024|user_042|user_043|user_045|user_051|user_059|user_061|user_062|user_063|user_086|user_090,2022-03-15,854121.92,False,,6
group_042,Project Field Study #042,flatmates,user_010|user_014|user_031|user_032|user_039|user_042|user_052|user_053|user_060|user_069|user_072|user_076|user_080|user_084|user_092,2023-01-20,748554.6,False,,5
group_043,Project Field Study #043,friends,user_010|user_015|user_023|user_031|user_044|user_056|user_063|user_070|user_073|user_074|user_076|user_085|user_086|user_089|user_092|user_095,2022-05-21,598130.51,False,,2
group_044,Goa Trip 2023 #044,flatmates,user_008|user_009|user_014|user_042|user_049|user_052|user_064|user_077|user_083|user_085|user_088|user_099,2021-08-04,708115.56,False,,6
group_045,Flat 4B Utilities #045,startup,user_026|user_038|user_050|user_058|user_069|user_074|user_079,2022-04-11,689929.15,False,655.0,5
group_046,Project Field Study #046,startup,user_001|user_002|user_007|user_008|user_012|user_017|user_038|user_048|user_052|user_066|user_071|user_075|user_079|user_091,2021-06-20,587841.18,False,,8
group_047,Project Field Study #047,friends,user_018|user_023|user_025|user_028|user_041|user_049|user_051|user_052|user_056|user_061|user_070|user_076|user_081|user_085|user_090|user_092,2022-07-14,720983.75,False,578.0,3
group_048,Friends Weekend Plan #048,friends,user_002|user_003|user_010|user_018|user_019|user_083|user_093,2021-07-30,836220.92,True,712.0,9
group_049,Project Field Study #049,startup,user_001|user_024|user_029|user_031|user_046|user_050|user_055|user_058|user_059|user_064|user_066|user_071|user_074|user_078|user_080|user_094,2022-10-01,785497.02,False,,5
group_050,Goa Trip 2023 #050,project,user_048|user_062|user_073|user_091,2023-01-19,772253.83,False,,6
group_051,Startup Sprint Ops #051,project,user_010|user_011|user_012|user_032|user_036|user_060|user_061|user_067|user_070|user_075|user_079|user_081|user_082|user_085|user_086|user_088|user_095|user_097|user_100,2021-03-23,763784.87,False,,6
group_052,Friends Weekend Plan #052,project,user_005|user_008|user_022|user_034|user_038|user_039|user_043|user_046|user_054|user_059|user_061|user_066|user_073|user_074|user_077|user_089|user_094|user_096,2021-09-20,720690.0,False,,7
group_053,Flat 4B Utilities #053,project,user_002|user_010|user_011|user_015|user_017|user_033|user_036|user_063|user_065|user_078|user_079|user_095,2021-08-23,730293.12,False,,3
group_054,Friends Weekend Plan #054,friends,user_005|user_011|user_019|user_020|user_024|user_031|user_044|user_063|user_068|user_077|user_090,2022-08-19,832737.01,True,,9
group_055,Friends Weekend Plan #055,friends,user_007|user_015|user_022|user_034|user_045|user_074|user_083|user_094|user_097,2023-01-10,771086.91,False,,2
group_056,Goa Trip 2023 #056,project,user_002|user_006|user_019|user_034|user_037|user_041|user_049|user_050|user_056|user_058|user_061|user_068|user_087|user_088|user_091,2023-09-18,827042.39,False,721.0,8
group_057,Flat 4B Utilities #057,project,user_013|user_031|user_033|user_035|user_051|user_060|user_075|user_076|user_084|user_087|user_094|user_096|user_099,2022-06-09,803627.07,False,592.0,4
group_058,Project Field Study #058,flatmates,user_002|user_004|user_005|user_008|user_009|user_012|user_013|user_014|user_025|user_029|user_033|user_037|user_045|user_053|user_058|user_068|user_080|user_087|user_088|user_093,2023-07-21,851044.53,False,,2
group_059,Flat 4B Utilities #059,startup,user_015|user_024|user_049|user_073|user_083|user_085|user_098,2022-04-03,700120.26,False,538.0,2
group_060,Friends Weekend Plan #060,friends,user_008|user_010|user_021|user_033|user_036|user_042|user_055|user_086|user_089|user_099|user_100,2022-06-01,839823.46,False,632.0,5
group_061,Friends Weekend Plan #061,trip,user_009|user_023|user_026|user_051|user_057|user_063|user_079|user_083,2021-08-12,692078.18,False,,4
group_062,Goa Trip 2023 #062,project,user_005|user_010|user_014|user_034|user_057|user_092,2022-01-25,618598.62,False,509.0,7
group_063,Flat 4B Utilities #063,startup,user_001|user_005|user_035|user_050|user_082|user_084|user_086,2022-08-31,668837.44,False,763.0,3
group_064,Friends Weekend Plan #064,trip,user_001|user_009|user_016|user_029|user_039|user_043|user_046|user_050|user_052|user_056|user_062|user_069|user_070|user_073|user_088|user_089|user_094|user_100,2023-09-10,771926.6,False,546.0,2
group_065,Friends Weekend Plan #065,trip,user_006|user_011|user_014|user_023|user_025|user_026|user_038|user_039|user_044|user_046|user_050|user_059|user_071|user_081|user_083|user_085|user_089|user_090|user_098|user_099,2023-09-11,806722.83,False,,5
group_066,Flat 4B Utilities #066,friends,user_004|user_025|user_076|user_093,2022-08-27,698517.97,True,776.0,7
group_067,Project Field Study #067,flatmates,user_003|user_005|user_006|user_008|user_016|user_020|user_028|user_044|user_052|user_058|user_059|user_067|user_069|user_084|user_086|user_087|user_093|user_095,2021-04-22,764213.15,True,572.0,4
group_068,Flat 4B Utilities #068,flatmates,user_006|user_061|user_080,2021-01-23,660286.45,True,525.0,4
group_069,Goa Trip 2023 #069,friends,user_009|user_014|user_022|user_059|user_076|user_079,2023-07-14,798645.09,False,,8
group_070,Project Field Study #070,flatmates,user_016|user_042|user_044|user_052|user_055|user_074|user_087|user_088|user_095,2022-05-15,740994.61,False,,6
group_071,Startup Sprint Ops #071,project,user_009|user_016|user_019|user_022|user_036|user_043|user_054|user_097,2021-09-14,718373.74,False,,5
group_072,Friends Weekend Plan #072,trip,user_003|user_021|user_049|user_079|user_081|user_100,2021-01-10,832890.39,True,545.0,3
group_073,Flat 4B Utilities #073,friends,user_005|user_017|user_019|user_023|user_027|user_031|user_035|user_053|user_058|user_061|user_067|user_077|user_079|user_082|user_089|user_099,2023-08-09,783664.69,False,654.0,7
group_074,Flat 4B Utilities #074,startup,user_001|user_013|user_016|user_025|user_029|user_031|user_047|user_060|user_065|user_068|user_070|user_072|user_080|user_081|user_098|user_099,2021-03-24,793783.36,True,576.0,4
group_075,Flat 4B Utilities #075,flatmates,user_006|user_007|user_014|user_021|user_023|user_027|user_033|user_037|user_043|user_047|user_056|user_059|user_069|user_079|user_083|user_086|user_095|user_098,2021-02-15,827703.2,False,,7
group_076,Goa Trip 2023 #076,startup,user_026|user_030|user_042|user_054|user_057|user_075|user_076|user_087|user_093|user_096,2021-12-20,695592.98,True,,3
group_077,Friends Weekend Plan #077,flatmates,user_007|user_010|user_018|user_019|user_023|user_028|user_029|user_048|user_050|user_056|user_059|user_061|user_063|user_075|user_079,2023-09-09,691607.63,False,,3
group_078,Startup Sprint Ops #078,flatmates,user_005|user_008|user_015|user_017|user_018|user_022|user_036|user_054|user_059|user_060|user_073|user_089|user_098,2022-04-04,797748.55,False,,8
group_079,Friends Weekend Plan #079,friends,user_028|user_053|user_063|user_067|user_076,2022-03-10,681518.12,True,,6
group_080,Goa Trip 2023 #080,friends,user_001|user_006|user_020|user_029|user_042|user_054|user_056|user_074|user_075|user_076,2023-02-23,823221.06,True,771.0,3
group_081,Goa Trip 2023 #081,friends,user_002|user_011|user_012|user_013|user_017|user_028|user_031|user_038|user_046|user_053|user_058|user_064|user_072|user_083|user_089|user_090|user_094|user_097,2023-11-06,848600.86,False,,5
group_082,Friends Weekend Plan #082,startup,user_001|user_005|user_010|user_018|user_024|user_038|user_043|user_048|user_050|user_052|user_060|user_068|user_081|user_082|user_089|user_091|user_099,2023-12-21,792851.95,False,,4
group_083,Startup Sprint Ops #083,trip,user_008|user_043|user_066|user_080|user_095,2021-06-22,868270.09,False,,7
group_084,Friends Weekend Plan #084,project,user_009|user_015|user_018|user_023|user_027|user_031|user_043|user_047|user_070|user_072|user_083|user_084|user_091|user_100,2023-12-28,818444.93,True,615.0,5
group_085,Project Field Study #085,project,user_007|user_009|user_016|user_035|user_036|user_045|user_048|user_055|user_058|user_061|user_063|user_065|user_068|user_088,2022-03-31,794826.73,False,,2
group_086,Startup Sprint Ops #086,trip,user_010|user_011|user_012|user_014|user_022|user_023|user_037|user_051|user_059,2023-12-19,652119.25,True,,6
group_087,Startup Sprint Ops #087,startup,user_003|user_009|user_017|user_025|user_030|user_038|user_043|user_045|user_053|user_054|user_057|user_061|user_067|user_070|user_075|user_081|user_083|user_088|user_095,2023-01-26,952725.09,False,771.0,5
group_088,Project Field Study #088,startup,user_007|user_017|user_019|user_021|user_022|user_030|user_034|user_037|user_039|user_040|user_046|user_048|user_059|user_062|user_073|user_080|user_099,2021-10-11,747471.16,False,,7
group_089,Project Field Study #089,trip,user_006|user_015|user_017|user_024|user_027|user_034|user_041|user_048|user_057|user_074,2023-10-31,727524.73,False,,6
group_090,Goa Trip 2023 #090,project,user_004|user_016|user_019|user_020|user_021|user_039|user_041|user_052|user_058|user_059|user_064|user_069|user_070|user_099,2023-02-28,755948.19,False,651.0,1
group_091,Flat 4B Utilities #091,project,user_006|user_015|user_019|user_044|user_057|user_062|user_073|user_074|user_086|user_089|user_094|user_097,2021-07-01,841889.36,False,,5
group_092,Goa Trip 2023 #092,project,user_003|user_008|user_011|user_012|user_025|user_026|user_029|user_036|user_042|user_046|user_058|user_068|user_069|user_075|user_078|user_083|user_099,2022-09-05,715447.38,True,,4
group_093,Friends Weekend Plan #093,friends,user_002|user_012|user_019|user_028|user_037|user_040|user_045|user_048|user_050|user_051|user_055|user_058|user_072|user_092,2022-11-19,793080.53,True,717.0,9
group_094,Project Field Study #094,startup,user_012|user_019|user_027|user_039|user_061|user_076|user_077,2021-04-13,844305.05,False,,8
group_095,Friends Weekend Plan #095,flatmates,user_035|user_053|user_082,2023-05-14,862985.33,False,,2
group_096,Project Field Study #096,friends,user_006|user_038|user_039|user_049|user_063|user_064|user_071|user_075,2021-12-15,727870.23,True,,4
group_097,Flat 4B Utilities #097,trip,user_016|user_023|user_037|user_039|user_054|user_061|user_063|user_082|user_084|user_086|user_089,2021-07-05,753727.05,False,,1
group_098,Goa Trip 2023 #098,startup,user_016|user_034|user_048|user_056|user_061|user_062|user_066|user_073|user_074|user_075|user_081|user_088|user_089|user_094,2021-09-10,808706.27,False,574.0,3
group_099,Goa Trip 2023 #099,project,user_007|user_010|user_018|user_021|user_024|user_025|user_035|user_038|user_046|user_047|user_054|user_066|user_068|user_081|user_082|user_089|user_099,2021-09-17,744896.23,False,661.0,2
group_100,Project Field Study #100,startup,user_002|user_013|user_018|user_019|user_046|user_047|user_069|user_075|user_088|user_089|user_090,2022-08-03,770588.25,False,710.0,4
group_101,Project Field Study #101,project,user_014|user_020|user_025|user_028|user_029|user_065|user_072|user_079,2023-05-07,645465.95,False,558.0,6
group_102,Startup Sprint Ops #102,trip,user_003|user_010|user_015|user_017|user_018|user_023|user_040|user_044|user_045|user_047|user_057|user_062|user_067|user_077|user_089|user_091|user_098,2021-07-04,628381.41,True,,2
group_103,Friends Weekend Plan #103,trip,user_003|user_010|user_011|user_015|user_017|user_027|user_055|user_062|user_089|user_097|user_098|user_100,2021-11-02,908453.8,True,,6
group_104,Startup Sprint Ops #104,project,user_002|user_004|user_006|user_009|user_012|user_013|user_016|user_019|user_024|user_026|user_027|user_033|user_039|user_045|user_076|user_078|user_086|user_097,2022-06-25,773333.27,False,,4
group_105,Startup Sprint Ops #105,project,user_001|user_002|user_009|user_013|user_022|user_025|user_028|user_037|user_061|user_065|user_068|user_069|user_073|user_075|user_091|user_092|user_093|user_097|user_098,2021-10-15,745478.36,False,,3
group_106,Startup Sprint Ops #106,startup,user_015|user_016|user_018|user_028|user_030|user_041|user_049|user_053|user_055|user_060|user_064|user_066|user_067|user_098,2023-05-16,638065.75,False,542.0,10
group_107,Startup Sprint Ops #107,flatmates,user_009|user_015|user_025|user_029|user_037|user_038|user_040|user_050|user_053|user_055|user_057|user_059|user_061|user_071|user_077|user_087|user_088|user_095,2021-01-20,568515.27,False,,7
group_108,Startup Sprint Ops #108,flatmates,user_009|user_011|user_014|user_016|user_019|user_022|user_051|user_052|user_057|user_067|user_076|user_085|user_087|user_089|user_095,2022-06-11,768004.28,True,,2
group_109,Friends Weekend Plan #109,startup,user_035|user_036|user_055|user_064|user_075|user_076|user_092|user_093|user_098|user_099,2023-01-10,675674.42,False,707.0,5
group_110,Friends Weekend Plan #110,project,user_004|user_007|user_009|user_013|user_014|user_016|user_018|user_019|user_023|user_030|user_033|user_036|user_059|user_063|user_064|user_081|user_087|user_095|user_099,2023-11-22,697676.18,False,,5
group_111,Friends Weekend Plan #111,flatmates,user_064|user_067|user_085|user_097|user_099,2022-04-02,687522.75,False,751.0,5
group_112,Friends Weekend Plan #112,friends,user_003|user_005|user_016|user_022|user_023|user_039|user_041|user_044|user_049|user_050|user_056|user_057|user_058|user_059|user_070|user_072|user_085|user_091|user_098|user_100,2021-07-28,782329.8,False,699.0,8
group_113,Project Field Study #113,project,user_063|user_071|user_073|user_085|user_087|user_088,2022-12-31,740714.81,False,,3
group_114,Startup Sprint Ops #114,project,user_004|user_006|user_008|user_017|user_034|user_037|user_042|user_046|user_047|user_049|user_064|user_076|user_079|user_087|user_099,2021-02-11,710434.69,False,674.0,4
group_115,Flat 4B Utilities #115,flatmates,user_008|user_045|user_046|user_053|user_055|user_085,2021-12-31,828235.65,False,,1
group_116,Friends Weekend Plan #116,startup,user_003|user_005|user_015|user_022|user_042|user_044|user_055|user_059|user_066|user_069|user_073|user_085,2021-02-01,725523.8,False,511.0,5
group_117,Startup Sprint Ops #117,startup,user_013|user_022|user_027|user_042|user_044|user_050|user_063|user_064|user_065|user_074|user_079|user_086|user_087|user_089|user_098,2022-11-09,748977.2,True,,3
group_118,Project Field Study #118,startup,user_007|user_012|user_013|user_029|user_034|user_039|user_052|user_074|user_075|user_080|user_092|user_096,2022-03-01,661655.22,True,771.0,4
group_119,Friends Weekend Plan #119,project,user_010|user_026|user_027|user_033|user_039|user_041|user_045|user_052|user_054|user_056|user_065|user_066|user_070|user_080|user_084|user_085,2021-10-08,748568.98,False,,6
group_120,Flat 4B Utilities #120,flatmates,user_008|user_019|user_026|user_028|user_035|user_047|user_056|user_060|user_067|user_069|user_073|user_079|user_081|user_082|user_085|user_094|user_096|user_099,2023-12-01,939220.79,False,722.0,5
group_121,Flat 4B Utilities #121,trip,user_009|user_021|user_027|user_031|user_033|user_035|user_037|user_052|user_053|user_077|user_082|user_083|user_088,2021-08-21,700347.38,True,625.0,2
group_122,Friends Weekend Plan #122,trip,user_004|user_005|user_006|user_018|user_021|user_023|user_026|user_034|user_035|user_036|user_055|user_056|user_063|user_071|user_072|user_083|user_085,2021-03-27,794432.38,False,542.0,5
group_123,Project Field Study #123,trip,user_009|user_012|user_015|user_018|user_031|user_047|user_051|user_053|user_074|user_085|user_086|user_093,2023-03-22,691385.07,False,768.0,5
group_124,Friends Weekend Plan #124,startup,user_012|user_014|user_016|user_019|user_023|user_028|user_031|user_036|user_041|user_043|user_050|user_055|user_057|user_075|user_077|user_095|user_096|user_099,2023-07-05,771543.3,True,773.0,11
group_125,Startup Sprint Ops #125,flatmates,user_032|user_041|user_055|user_061|user_070|user_088,2022-07-18,826081.83,False,688.0,10
group_126,Goa Trip 2023 #126,flatmates,user_005|user_078|user_083,2022-01-28,745952.56,False,658.0,4
group_127,Startup Sprint Ops #127,startup,user_002|user_031|user_050|user_051|user_057|user_069,2021-05-21,765766.86,False,620.0,5
group_128,Goa Trip 2023 #128,friends,user_005|user_021|user_036|user_041|user_053|user_057|user_081|user_083|user_099,2023-01-02,871193.0,False,670.0,1
group_129,Friends Weekend Plan #129,project,user_009|user_021|user_034|user_046|user_065|user_090,2023-05-01,680104.15,False,,1
group_130,Flat 4B Utilities #130,trip,user_024|user_057|user_081|user_083,2022-09-15,538666.84,True,656.0,1
group_131,Flat 4B Utilities #131,project,user_015|user_021|user_032|user_067|user_092,2023-12-02,660171.8,False,663.0,5
group_132,Goa Trip 2023 #132,project,user_003|user_011|user_018|user_023|user_024|user_026|user_029|user_034|user_037|user_042|user_048|user_049|user_051|user_054|user_074|user_076|user_088|user_095,2023-10-03,756422.11,False,,2
group_133,Friends Weekend Plan #133,friends,user_002|user_007|user_012|user_016|user_020|user_022|user_026|user_034|user_048|user_052|user_055|user_068|user_073|user_077|user_080|user_090|user_092,2023-11-13,737370.8,False,,3
group_134,Flat 4B Utilities #134,startup,user_017|user_027|user_035|user_037|user_049|user_056|user_064|user_077|user_096,2023-11-18,656698.59,True,592.0,4
group_135,Startup Sprint Ops #135,project,user_004|user_031|user_032|user_034|user_038|user_058|user_080,2023-11-29,879476.68,False,,9
group_136,Startup Sprint Ops #136,flatmates,user_007|user_008|user_010|user_013|user_018|user_028|user_033|user_042|user_050|user_051|user_055|user_072|user_077|user_088|user_089|user_091|user_092|user_095,2023-01-02,803962.23,False,,3
group_137,Flat 4B Utilities #137,startup,user_006|user_017|user_039|user_048|user_049|user_051|user_065|user_072|user_075|user_080|user_086,2021-09-21,706674.02,False,673.0,8
group_138,Goa Trip 2023 #138,startup,user_012|user_019|user_034|user_041|user_056|user_068|user_091,2021-03-10,718527.81,False,755.0,5
group_139,Friends Weekend Plan #139,trip,user_020|user_022|user_034|user_037|user_041|user_056|user_063|user_067|user_072|user_079|user_082|user_085|user_095|user_098,2021-10-21,809815.61,True,,5
group_140,Friends Weekend Plan #140,friends,user_021|user_034|user_061|user_091,2021-06-30,1019690.11,False,,6
group_141,Project Field Study #141,startup,user_012|user_015|user_016|user_019|user_022|user_024|user_027|user_037|user_045|user_046|user_059|user_063|user_064|user_072|user_091|user_093|user_096,2023-05-25,688362.38,False,,6
group_142,Flat 4B Utilities #142,trip,user_004|user_010|user_013|user_014|user_016|user_024|user_032|user_037|user_042|user_043|user_048|user_051|user_054|user_064|user_074|user_076|user_087|user_088|user_099,2021-05-06,765672.76,False,745.0,9
group_143,Flat 4B Utilities #143,flatmates,user_001|user_006|user_042|user_043|user_058|user_073|user_077|user_080|user_084|user_085|user_094,2021-03-17,789151.76,False,644.0,9
group_144,Friends Weekend Plan #144,trip,user_010|user_071|user_078|user_096,2022-09-12,617015.26,True,622.0,2
group_145,Friends Weekend Plan #145,startup,user_003|user_021|user_027|user_050|user_100,2023-10-03,650303.69,False,,4
group_146,Flat 4B Utilities #146,friends,user_013|user_017|user_040|user_046|user_048|user_056|user_063|user_066|user_078|user_086|user_088|user_095,2022-11-23,621249.32,False,743.0,5
group_147,Flat 4B Utilities #147,friends,user_006|user_012|user_024|user_029|user_044|user_048|user_055|user_056|user_060|user_066|user_079|user_081|user_083|user_087|user_088|user_097,2023-03-31,720337.02,False,,6
group_148,Project Field Study #148,trip,user_011|user_017|user_020|user_032|user_038|user_039|user_055|user_056|user_060|user_062|user_067|user_088,2023-05-06,862627.27,True,,6
group_149,Goa Trip 2023 #149,trip,user_003|user_011|user_013|user_015|user_023|user_024|user_033|user_046|user_051|user_053|user_055|user_060|user_065|user_073|user_075|user_085|user_093|user_095|user_099,2022-10-09,833448.51,False,652.0,8
group_150,Friends Weekend Plan #150,trip,user_001|user_003|user_011|user_014|user_024|user_028|user_034|user_044|user_056|user_058|user_069|user_078|user_080|user_086|user_087|user_096|user_097,2021-01-21,777935.83,True,744.0,5
group_151,Goa Trip 2023 #151,flatmates,user_012|user_017|user_018|user_039|user_047|user_051|user_063|user_078|user_079|user_080|user_085|user_087|user_089|user_093|user_096,2021-06-23,795129.93,False,,4
group_152,Startup Sprint Ops #152,friends,user_012|user_019|user_025|user_031|user_056|user_062|user_069|user_081|user_084,2021-08-19,615497.86,False,,4
group_153,Project Field Study #153,flatmates,user_003|user_020|user_057|user_058|user_061|user_063|user_090|user_095,2021-11-09,921779.07,True,,9
group_154,Goa Trip 2023 #154,friends,user_002|user_014|user_038|user_054|user_056|user_064|user_071|user_075|user_077|user_081|user_092|user_094|user_095,2022-09-13,785829.77,False,,10
group_155,Startup Sprint Ops #155,project,user_003|user_055|user_068|user_074,2021-04-09,714521.98,True,713.0,5
group_156,Friends Weekend Plan #156,trip,user_045|user_058|user_064|user_080|user_083|user_090,2021-09-08,869170.03,True,598.0,8
group_157,Friends Weekend Plan #157,friends,user_017|user_029|user_030|user_038|user_044|user_057|user_060|user_065|user_076|user_078|user_085|user_088|user_092|user_093,2023-11-12,770269.67,False,684.0,4
group_158,Flat 4B Utilities #158,flatmates,user_012|user_027|user_037|user_062|user_080|user_086|user_089|user_096,2021-11-06,722531.94,True,,3
group_159,Friends Weekend Plan #159,trip,user_003|user_005|user_007|user_009|user_021|user_023|user_027|user_031|user_034|user_039|user_044|user_046|user_064|user_065|user_072|user_087,2023-08-18,705855.65,True,614.0,6
group_160,Goa Trip 2023 #160,trip,user_006|user_020|user_035|user_044|user_046|user_066|user_072|user_078|user_086|user_089|user_099,2022-11-12,905895.16,False,,12
group_161,Goa Trip 2023 #161,flatmates,user_006|user_014|user_022|user_065|user_072|user_081,2022-07-16,773825.83,True,649.0,4
group_162,Flat 4B Utilities #162,trip,user_001|user_013|user_016|user_018|user_020|user_026|user_032|user_037|user_043|user_044|user_047|user_054|user_057|user_061|user_064|user_065|user_083|user_094|user_099,2022-02-18,674931.46,False,712.0,7
group_163,Startup Sprint Ops #163,trip,user_018|user_020|user_030|user_053|user_054|user_055|user_059|user_067|user_068|user_097,2022-11-19,786545.93,True,,5
group_164,Friends Weekend Plan #164,trip,user_022|user_041|user_044|user_052|user_099,2022-09-03,858582.39,False,,7
group_165,Project Field Study #165,project,user_002|user_019|user_027|user_036|user_038|user_039|user_041|user_045|user_052|user_054|user_058|user_068|user_071|user_079|user_083|user_088|user_090|user_093|user_096,2023-08-19,652699.23,False,676.0,8
group_166,Project Field Study #166,project,user_005|user_011|user_017|user_039|user_043|user_050|user_069|user_093|user_095,2022-03-18,641298.07,True,761.0,1
group_167,Startup Sprint Ops #167,project,user_003|user_004|user_008|user_015|user_021|user_031|user_034|user_039|user_044|user_048|user_055|user_065|user_070|user_076|user_082|user_093|user_094|user_097|user_100,2022-07-05,920918.61,True,563.0,1
group_168,Project Field Study #168,project,user_001|user_031|user_044|user_059|user_073|user_074|user_075|user_081|user_086|user_092|user_095|user_096,2021-12-30,886746.58,False,,5
group_169,Goa Trip 2023 #169,trip,user_013|user_014|user_019|user_025|user_032|user_042|user_047|user_053|user_055|user_059|user_067|user_075|user_092|user_095|user_100,2021-04-07,757706.06,False,566.0,3
group_170,Friends Weekend Plan #170,startup,user_010|user_048|user_052|user_058|user_067|user_068|user_072|user_076|user_087,2023-06-27,775842.76,False,716.0,5
group_171,Flat 4B Utilities #171,project,user_005|user_016|user_017|user_019|user_021|user_028|user_054|user_059|user_061|user_063|user_065|user_066|user_068|user_089|user_091|user_092|user_094|user_096,2022-07-28,847262.61,False,560.0,1
group_172,Flat 4B Utilities #172,trip,user_006|user_016|user_038|user_048|user_067|user_074,2022-08-01,844984.35,False,691.0,6
group_173,Goa Trip 2023 #173,project,user_001|user_004|user_007|user_019|user_024|user_028|user_037|user_040|user_054|user_063|user_076|user_095,2022-06-26,827550.62,True,522.0,5
group_174,Startup Sprint Ops #174,trip,user_017|user_018|user_020|user_040|user_044|user_049|user_058|user_059|user_061|user_065|user_073|user_074|user_078|user_082|user_086|user_093|user_094|user_098,2023-08-29,641087.11,False,709.0,4
group_175,Flat 4B Utilities #175,trip,user_006|user_012|user_036|user_044|user_051|user_057|user_070|user_083|user_086|user_095,2023-06-08,650638.5,False,,4
group_176,Project Field Study #176,friends,user_003|user_007|user_011|user_016|user_024|user_025|user_027|user_032|user_036|user_061|user_065|user_067|user_069|user_070|user_073|user_074|user_080|user_085|user_091|user_097,2021-05-12,642077.28,False,664.0,5
group_177,Flat 4B Utilities #177,friends,user_003|user_044|user_056|user_063,2021-02-07,766190.47,False,662.0,3
group_178,Startup Sprint Ops #178,friends,user_012|user_013|user_015|user_019|user_020|user_022|user_024|user_033|user_037|user_070|user_099,2023-11-21,804577.05,True,,5
group_179,Friends Weekend Plan #179,trip,user_008|user_039|user_092,2022-05-13,754370.04,True,665.0,1
group_180,Friends Weekend Plan #180,project,user_007|user_008|user_015|user_016|user_026|user_031|user_035|user_041|user_050|user_064|user_065|user_066|user_076|user_077|user_097,2022-09-25,952586.42,True,514.0,3
group_181,Flat 4B Utilities #181,startup,user_003|user_013|user_032|user_035|user_071|user_072|user_076|user_084|user_087|user_098,2023-06-02,675308.01,False,,4
group_182,Friends Weekend Plan #182,trip,user_022|user_032|user_048|user_055|user_069|user_070|user_072,2021-01-02,772731.54,False,,2
group_183,Project Field Study #183,startup,user_008|user_035|user_062,2023-11-23,728021.51,False,,5
group_184,Project Field Study #184,startup,user_006|user_009|user_012|user_016|user_018|user_021|user_027|user_036|user_037|user_039|user_051|user_056|user_069|user_072|user_073|user_079|user_090|user_093|user_095,2023-11-26,657963.08,False,633.0,6
group_185,Goa Trip 2023 #185,project,user_003|user_018|user_027|user_032|user_042|user_043|user_044|user_059|user_077|user_085|user_089,2023-01-11,661353.28,True,,3
group_186,Friends Weekend Plan #186,project,user_004|user_010|user_011|user_016|user_046|user_051|user_057|user_063|user_069|user_072|user_084|user_086|user_087|user_090|user_091|user_098,2022-07-11,840214.86,False,,6
group_187,Flat 4B Utilities #187,flatmates,user_002|user_003|user_012|user_025|user_029|user_036|user_039|user_046|user_048|user_057|user_079|user_081|user_088|user_091|user_092|user_096|user_098,2023-02-07,992518.05,False,518.0,8
group_188,Project Field Study #188,project,user_001|user_015|user_022|user_025|user_026|user_027|user_036|user_051|user_064|user_065|user_071|user_073|user_078|user_082|user_085|user_087|user_091|user_095,2021-09-30,705546.29,True,,5
group_189,Goa Trip 2023 #189,project,user_025|user_030|user_034|user_036|user_067|user_073|user_094,2023-08-13,708942.72,True,,2
group_190,Flat 4B Utilities #190,trip,user_006|user_007|user_016|user_036|user_042|user_047|user_053|user_056|user_060|user_064|user_067|user_083|user_084|user_087|user_088|user_098,2022-03-08,721143.36,False,772.0,2
group_191,Flat 4B Utilities #191,flatmates,user_001|user_004|user_010|user_011|user_025|user_029|user_032|user_043|user_051|user_055|user_074|user_089|user_095,2022-05-27,702782.65,False,,5
group_192,Goa Trip 2023 #192,friends,user_004|user_007|user_010|user_014|user_031|user_032|user_033|user_043|user_044|user_056|user_057|user_061|user_067|user_076|user_077|user_080|user_081|user_100,2023-06-19,807114.98,True,,3
group_193,Friends Weekend Plan #193,friends,user_007|user_008|user_009|user_014|user_017|user_038|user_039|user_041|user_056|user_057|user_072|user_079|user_081|user_087|user_089,2021-05-29,693712.98,False,,2
group_194,Friends Weekend Plan #194,project,user_050|user_059|user_060,2023-08-20,656725.07,True,513.0,0
group_195,Flat 4B Utilities #195,flatmates,user_002|user_009|user_014|user_017|user_025|user_033|user_043|user_046|user_054|user_057|user_062|user_066|user_074|user_076|user_077|user_080|user_082|user_092|user_093,2021-08-02,769806.69,False,,4
group_196,Startup Sprint Ops #196,startup,user_019|user_040|user_046|user_056|user_061|user_066|user_070|user_075|user_078|user_084|user_097|user_100,2022-07-27,750479.74,False,,3
group_197,Friends Weekend Plan #197,startup,user_007|user_031|user_065|user_072,2021-10-31,671611.77,False,,7
group_198,Goa Trip 2023 #198,friends,user_021|user_025|user_039|user_043|user_054|user_060|user_061|user_073|user_075|user_077|user_079|user_086|user_089,2021-03-07,899090.85,False,,5
group_199,Friends Weekend Plan #199,flatmates,user_027|user_028|user_031|user_043|user_049|user_060|user_062|user_080|user_095|user_099,2021-01-11,680201.05,False,537.0,3
group_200,Startup Sprint Ops #200,friends,user_015|user_019|user_072,2021-10-29,735911.9,False,,7
group_201,Flat 4B Utilities #201,startup,user_023|user_026|user_037,2021-09-28,705064.9,False,,4
group_202,Startup Sprint Ops #202,flatmates,user_003|user_013|user_015|user_018|user_023|user_034|user_049|user_084|user_087,2022-04-19,958638.38,False,689.0,5
group_203,Flat 4B Utilities #203,flatmates,user_009|user_016|user_017|user_019|user_056|user_068|user_080|user_092,2023-04-08,858239.01,False,691.0,7
group_204,Project Field Study #204,friends,user_006|user_007|user_017|user_020|user_025|user_032|user_036|user_038|user_042|user_066|user_069|user_076|user_079|user_081|user_082|user_098,2021-11-22,748193.31,False,,4
group_205,Flat 4B Utilities #205,startup,user_048|user_050|user_060|user_064|user_066|user_067|user_083|user_097,2022-08-04,614271.28,False,747.0,4
group_206,Startup Sprint Ops #206,startup,user_005|user_021|user_026|user_027|user_028|user_029|user_031|user_035|user_040|user_049|user_051|user_052|user_055|user_058|user_074|user_075|user_082|user_084,2023-05-06,731511.88,True,543.0,5
group_207,Friends Weekend Plan #207,trip,user_006|user_030|user_035|user_041|user_044|user_046|user_048|user_053|user_055|user_056|user_058|user_060|user_064|user_066|user_067|user_075|user_080,2021-10-06,687639.13,False,,7
group_208,Startup Sprint Ops #208,flatmates,user_005|user_010|user_011|user_013|user_016|user_026|user_030|user_036|user_038|user_047|user_065|user_066|user_070|user_083,2023-11-15,758804.71,False,654.0,4
group_209,Startup Sprint Ops #209,startup,user_002|user_018|user_034|user_070|user_078|user_091|user_092|user_095|user_097,2022-06-23,535936.4,False,706.0,4
group_210,Flat 4B Utilities #210,friends,user_061|user_066|user_084,2021-12-20,494630.47,True,607.0,5
group_211,Friends Weekend Plan #211,friends,user_011|user_025|user_041|user_044|user_060|user_067|user_071|user_076|user_093|user_097,2021-11-22,689004.81,False,515.0,5
group_212,Startup Sprint Ops #212,startup,user_002|user_017|user_040|user_064|user_074|user_085|user_095,2021-12-17,778054.03,False,706.0,4
group_213,Friends Weekend Plan #213,trip,user_003|user_005|user_018|user_020|user_027|user_043|user_049|user_051|user_073|user_074|user_076|user_078|user_081,2023-04-11,762417.99,False,,2
group_214,Friends Weekend Plan #214,trip,user_005|user_012|user_014|user_022|user_023|user_039|user_058|user_071|user_073|user_078|user_082|user_087|user_089,2021-10-18,648239.38,True,697.0,10
group_215,Goa Trip 2023 #215,flatmates,user_008|user_009|user_030|user_038|user_048|user_059|user_067|user_068|user_085,2022-05-23,727427.24,False,710.0,4
group_216,Flat 4B Utilities #216,flatmates,user_009|user_015|user_017|user_050|user_054|user_062|user_069|user_096,2021-11-16,795270.32,False,,10
group_217,Project Field Study #217,flatmates,user_001|user_009|user_019|user_026|user_036|user_052|user_058|user_059|user_065|user_076|user_088|user_092,2023-03-28,803613.87,False,751.0,9
group_218,Friends Weekend Plan #218,friends,user_006|user_012|user_023|user_032|user_037|user_039|user_045|user_051|user_054|user_059|user_074|user_079|user_080|user_083|user_090|user_092|user_095,2022-08-21,747893.93,False,,5
group_219,Project Field Study #219,trip,user_006|user_009|user_021|user_028|user_031|user_036|user_038|user_053|user_064|user_069|user_081|user_086|user_090|user_093|user_098,2022-07-27,777782.33,True,553.0,3
group_220,Flat 4B Utilities #220,friends,user_004|user_006|user_010|user_022|user_027|user_033|user_044|user_049|user_052|user_058|user_060|user_065|user_082|user_087|user_089|user_096,2021-02-28,618983.28,True,,7
group_221,Startup Sprint Ops #221,flatmates,user_009|user_011|user_018|user_032|user_057|user_060|user_061|user_063|user_071|user_085|user_086|user_092|user_096,2021-09-23,958352.43,False,,2
group_222,Friends Weekend Plan #222,startup,user_002|user_010|user_016|user_020|user_022|user_035|user_051|user_069|user_086|user_087|user_095|user_098,2021-10-04,755655.36,True,,4
group_223,Flat 4B Utilities #223,startup,user_001|user_007|user_014|user_026|user_040|user_049|user_050|user_057|user_067|user_077|user_082|user_083|user_085|user_089|user_090|user_092|user_099,2022-01-06,746591.92,True,508.0,7
group_224,Goa Trip 2023 #224,flatmates,user_002|user_025|user_044,2021-05-31,721826.36,False,,5
group_225,Startup Sprint Ops #225,project,user_014|user_042|user_054|user_066,2023-09-01,709498.67,True,606.0,2
group_226,Startup Sprint Ops #226,project,user_002|user_009|user_014|user_016|user_023|user_028|user_029|user_030|user_041|user_042|user_046|user_050|user_052|user_059|user_084|user_085,2022-07-28,701829.21,True,611.0,9
group_227,Friends Weekend Plan #227,flatmates,user_013|user_014|user_022|user_033|user_042|user_064|user_069|user_073|user_077|user_081|user_092|user_099,2022-05-31,721077.55,True,662.0,5
group_228,Friends Weekend Plan #228,project,user_003|user_043|user_058|user_075|user_078,2023-09-23,849533.54,False,,4
group_229,Project Field Study #229,trip,user_003|user_016|user_031|user_032|user_040|user_055|user_079|user_095|user_097|user_098,2021-04-04,650627.65,True,755.0,3
group_230,Startup Sprint Ops #230,flatmates,user_005|user_020|user_027|user_031|user_049|user_057|user_077|user_083|user_093,2022-03-09,824790.95,False,520.0,5
group_231,Flat 4B Utilities #231,project,user_004|user_007|user_027|user_030|user_032|user_043|user_044|user_070|user_086|user_088|user_094|user_097,2022-08-16,650432.43,False,593.0,2
group_232,Goa Trip 2023 #232,flatmates,user_009|user_025|user_063,2021-11-14,788671.48,True,,7
group_233,Project Field Study #233,flatmates,user_011|user_022|user_023|user_026|user_032|user_040|user_055|user_060|user_065|user_093,2022-04-16,661347.54,True,,11
group_234,Friends Weekend Plan #234,flatmates,user_011|user_022|user_047|user_049|user_051|user_055|user_057|user_061|user_062|user_065|user_079,2023-01-19,844805.43,True,695.0,3
group_235,Project Field Study #235,flatmates,user_020|user_039|user_069|user_077|user_098,2022-02-04,679656.25,False,656.0,4
group_236,Goa Trip 2023 #236,trip,user_010|user_018|user_020|user_025|user_026|user_043|user_049|user_061|user_062|user_072|user_078|user_092,2023-02-17,703182.61,False,691.0,8
group_237,Flat 4B Utilities #237,friends,user_005|user_010|user_016|user_021|user_040|user_048|user_050|user_051|user_053|user_054|user_063|user_073|user_076|user_083|user_096,2022-02-01,729872.61,False,678.0,4
group_238,Flat 4B Utilities #238,startup,user_004|user_005|user_008|user_032|user_047|user_050|user_055|user_062|user_081|user_084|user_087|user_090|user_091|user_095,2023-07-30,806709.87,False,575.0,7
group_239,Friends Weekend Plan #239,friends,user_002|user_012|user_015|user_021|user_075|user_078|user_083|user_085|user_092|user_099,2023-06-30,585710.31,False,,4
group_240,Project Field Study #240,startup,user_012|user_014|user_022|user_033|user_039|user_040|user_049|user_053|user_055|user_065|user_069|user_076|user_085|user_089|user_094|user_097,2021-08-10,804587.37,True,607.0,6
group_241,Friends Weekend Plan #241,flatmates,user_001|user_009|user_013|user_022|user_037|user_054|user_063|user_068|user_084|user_090|user_094|user_100,2021-10-02,791185.46,False,,4
group_242,Flat 4B Utilities #242,trip,user_008|user_014|user_015|user_024|user_025|user_026|user_028|user_034|user_053|user_057|user_058|user_065|user_073|user_080|user_081|user_082|user_096|user_098,2022-04-01,659671.67,True,563.0,5
group_243,Friends Weekend Plan #243,trip,user_004|user_031|user_044|user_062|user_075,2021-01-15,629119.27,True,,4
group_244,Startup Sprint Ops #244,friends,user_001|user_028|user_049|user_067|user_078|user_098,2023-01-06,792819.25,False,719.0,5
group_245,Friends Weekend Plan #245,friends,user_001|user_008|user_013|user_031|user_041|user_043|user_044|user_046|user_047|user_049|user_052|user_079|user_086|user_088,2021-08-04,688896.53,True,562.0,5
group_246,Startup Sprint Ops #246,trip,user_001|user_025|user_048|user_053|user_058|user_061|user_066|user_080|user_085|user_088,2023-09-12,955177.14,False,523.0,6
group_247,Flat 4B Utilities #247,project,user_011|user_013|user_025|user_030|user_038|user_045|user_050|user_052|user_055|user_061|user_063|user_078|user_079|user_085|user_090|user_094|user_095,2023-06-08,718553.21,False,,4
group_248,Friends Weekend Plan #248,trip,user_012|user_022|user_039|user_060|user_064|user_071|user_087,2023-01-20,687019.07,False,,7
group_249,Flat 4B Utilities #249,startup,user_004|user_012|user_014|user_022|user_056|user_085|user_090|user_092|user_097,2022-08-19,592623.88,False,612.0,5
group_250,Friends Weekend Plan #250,project,user_009|user_012|user_016|user_018|user_029|user_043|user_044|user_049|user_063|user_069|user_074|user_077|user_082|user_083|user_086|user_089|user_093|user_099,2022-11-10,903933.72,False,614.0,5
group_251,Flat 4B Utilities #251,trip,user_012|user_015|user_038|user_044|user_076|user_095,2023-06-09,775038.61,False,660.0,5
group_252,Project Field Study #252,flatmates,user_008|user_040|user_076,2022-08-26,684923.89,False,663.0,1
group_253,Goa Trip 2023 #253,project,user_014|user_029|user_051|user_067|user_076|user_078|user_085,2022-12-17,745582.48,False,,1
group_254,Flat 4B Utilities #254,friends,user_005|user_016|user_019|user_036|user_037|user_040|user_041|user_059|user_062|user_065|user_074|user_077|user_086|user_088|user_089|user_090|user_091|user_096,2022-03-29,879725.0,False,,6
group_255,Flat 4B Utilities #255,trip,user_007|user_020|user_023|user_027|user_029|user_039|user_051|user_063|user_090|user_092|user_094|user_095|user_100,2023-05-02,774371.14,False,716.0,4
group_256,Startup Sprint Ops #256,friends,user_007|user_010|user_013|user_017|user_025|user_037|user_042|user_051|user_068|user_071|user_075|user_090|user_094|user_097,2023-10-14,715067.72,True,570.0,4
group_257,Goa Trip 2023 #257,startup,user_002|user_008|user_014|user_019|user_022|user_026|user_027|user_028|user_038|user_047|user_049|user_055|user_074|user_084|user_087|user_093|user_095|user_096,2023-01-07,690794.84,True,,4
group_258,Friends Weekend Plan #258,trip,user_005|user_016|user_020|user_023|user_031|user_032|user_039|user_044|user_051|user_052|user_056|user_063|user_076|user_077|user_081|user_084|user_089|user_093|user_096,2022-12-22,794906.03,False,695.0,2
group_259,Goa Trip 2023 #259,project,user_002|user_003|user_011|user_015|user_016|user_029|user_036|user_048|user_062|user_063|user_066|user_074|user_076|user_083|user_086|user_089|user_096,2021-10-09,714355.42,False,722.0,7
group_260,Goa Trip 2023 #260,friends,user_009|user_013|user_024|user_042|user_052|user_069|user_092,2023-05-14,918501.94,False,771.0,5
group_261,Goa Trip 2023 #261,flatmates,user_067|user_069|user_075|user_084|user_092,2023-10-21,548746.54,False,,4
group_262,Goa Trip 2023 #262,trip,user_041|user_058|user_072,2021-07-20,766338.41,False,,6
group_263,Project Field Study #263,friends,user_001|user_005|user_006|user_011|user_016|user_018|user_022|user_032|user_033|user_038|user_039|user_047|user_055|user_057|user_065|user_067|user_069|user_070|user_085|user_097,2023-12-16,805171.25,False,,1
group_264,Startup Sprint Ops #264,flatmates,user_005|user_006|user_019|user_025|user_031|user_085,2021-07-28,739250.15,False,610.0,1
group_265,Friends Weekend Plan #265,friends,user_010|user_017|user_021|user_033|user_034|user_049|user_055|user_071|user_080|user_084|user_094,2021-05-10,788527.15,False,,3
group_266,Friends Weekend Plan #266,trip,user_010|user_020|user_021|user_025|user_027|user_035|user_041|user_048|user_054|user_056|user_066|user_073|user_078|user_081|user_082|user_083|user_085|user_090|user_092|user_094,2023-07-27,679783.51,True,,1
group_267,Project Field Study #267,startup,user_002|user_009|user_012|user_013|user_014|user_015|user_016|user_019|user_023|user_029|user_035|user_036|user_043|user_047|user_049|user_053|user_071|user_082|user_088|user_100,2023-07-04,602291.7,False,,3
group_268,Friends Weekend Plan #268,project,user_007|user_013|user_022|user_024|user_035|user_037|user_041|user_045|user_050|user_052|user_069|user_071|user_074|user_077|user_078|user_087|user_090|user_095|user_097,2021-07-18,739208.16,True,,1
group_269,Startup Sprint Ops #269,flatmates,user_007|user_019|user_035|user_049|user_073|user_093|user_095,2023-11-20,793959.12,False,,4
group_270,Flat 4B Utilities #270,trip,user_010|user_011|user_012|user_030|user_036|user_037|user_040|user_041|user_046|user_053|user_055|user_060|user_065|user_067|user_082|user_092|user_099,2021-09-14,727717.61,False,543.0,8
group_271,Project Field Study #271,project,user_001|user_002|user_016|user_018|user_025|user_032|user_045|user_052|user_055|user_062|user_064|user_066|user_069|user_079|user_087|user_088|user_090|user_092|user_094|user_096,2021-03-07,807749.78,False,,7
group_272,Friends Weekend Plan #272,flatmates,user_007|user_010|user_018|user_046|user_047|user_055|user_064|user_066,2022-08-03,713114.93,False,,5
group_273,Startup Sprint Ops #273,trip,user_001|user_005|user_008|user_016|user_028|user_034|user_038|user_039|user_040|user_051|user_060|user_062|user_063|user_066|user_073|user_080|user_081|user_083|user_095|user_099,2023-08-15,654983.25,False,652.0,7
group_274,Goa Trip 2023 #274,trip,user_001|user_024|user_045|user_046|user_052|user_093,2022-11-01,758403.01,False,,8
group_275,Startup Sprint Ops #275,trip,user_001|user_016|user_020|user_024|user_029|user_033|user_039|user_047|user_048|user_051|user_055|user_061|user_063|user_069|user_085|user_099,2022-11-13,713318.1,False,,5
group_276,Flat 4B Utilities #276,startup,user_001|user_015|user_026|user_046|user_056|user_091|user_096,2021-03-04,727778.57,True,715.0,4
group_277,Startup Sprint Ops #277,trip,user_021|user_026|user_062|user_086,2022-10-17,809390.84,False,,8
group_278,Startup Sprint Ops #278,project,user_003|user_014|user_015|user_017|user_020|user_050|user_052|user_065|user_093|user_095|user_097|user_098|user_100,2021-01-22,658216.44,False,,1
group_279,Flat 4B Utilities #279,project,user_002|user_011|user_032|user_037|user_038|user_055|user_056|user_062|user_063|user_077|user_080|user_095|user_098,2021-10-18,729430.15,True,558.0,6
group_280,Flat 4B Utilities #280,flatmates,user_014|user_026|user_055|user_061|user_065|user_079|user_086|user_090|user_091|user_094,2023-07-08,808886.5,False,,4
group_281,Friends Weekend Plan #281,trip,user_005|user_017|user_019|user_025|user_036|user_052,2023-08-16,672081.37,True,526.0,6
group_282,Startup Sprint Ops #282,startup,user_007|user_008|user_015|user_029|user_030|user_035|user_039|user_040|user_044|user_055|user_062|user_066|user_068|user_082|user_083|user_090,2022-06-30,734659.97,False,626.0,4
group_283,Startup Sprint Ops #283,flatmates,user_001|user_006|user_007|user_024,2022-03-20,814724.97,False,551.0,5
group_284,Goa Trip 2023 #284,project,user_013|user_015|user_033|user_039|user_043|user_047|user_063|user_086,2021-07-22,834829.43,False,685.0,1
group_285,Project Field Study #285,trip,user_012|user_014|user_017|user_027|user_036|user_050|user_075|user_081|user_084|user_096,2021-03-05,741463.11,False,,3
group_286,Startup Sprint Ops #286,project,user_006|user_010|user_013|user_017|user_020|user_025|user_026|user_039|user_044|user_054|user_061|user_069|user_070|user_071|user_080|user_093|user_098,2022-06-24,691125.98,False,,3
group_287,Flat 4B Utilities #287,friends,user_003|user_006|user_008|user_009|user_017|user_022|user_036|user_038|user_054|user_062|user_065|user_068|user_073|user_077|user_089|user_090,2023-02-08,605432.12,False,,2
group_288,Startup Sprint Ops #288,flatmates,user_050|user_052|user_057|user_066|user_072|user_078|user_097|user_100,2021-10-13,810441.57,True,,4
group_289,Flat 4B Utilities #289,startup,user_006|user_016|user_019|user_022|user_029|user_031|user_034|user_035|user_036|user_038|user_039|user_059|user_065|user_068|user_069|user_071|user_082|user_091|user_093,2021-03-22,678677.57,False,,3
group_290,Flat 4B Utilities #290,startup,user_001|user_002|user_008|user_011|user_015|user_018|user_034|user_038|user_042|user_045|user_046|user_048|user_053|user_071|user_078|user_079|user_081|user_084|user_091|user_093,2021-10-02,660254.62,True,,6
group_291,Friends Weekend Plan #291,flatmates,user_020|user_027|user_029|user_033|user_035|user_042|user_051|user_057|user_071|user_075|user_078|user_081|user_082|user_084|user_097,2022-11-06,832650.11,False,,5
group_292,Friends Weekend Plan #292,flatmates,user_003|user_009|user_010|user_019|user_021|user_023|user_024|user_025|user_037|user_040|user_051|user_059|user_063|user_073|user_078|user_083|user_088|user_094,2022-12-08,823256.51,False,,6
group_293,Project Field Study #293,trip,user_002|user_003|user_006|user_011|user_013|user_015|user_017|user_018|user_019|user_032|user_035|user_049|user_050|user_078|user_083|user_094|user_097|user_098|user_099,2021-01-15,763717.97,False,554.0,4
group_294,Friends Weekend Plan #294,flatmates,user_018|user_026|user_062|user_073|user_098,2022-04-23,745711.28,False,,6
group_295,Project Field Study #295,trip,user_035|user_070|user_081|user_089,2021-02-02,827820.39,False,552.0,6
group_296,Flat 4B Utilities #296,friends,user_001|user_004|user_019|user_029|user_054|user_066,2022-08-22,703096.12,True,,9
group_297,Goa Trip 2023 #297,project,user_010|user_011|user_014|user_015|user_016|user_022|user_029|user_037|user_043|user_046|user_047|user_063|user_079|user_088|user_092,2021-08-23,848397.74,True,771.0,5
group_298,Startup Sprint Ops #298,trip,user_020|user_037|user_039|user_055|user_080|user_086|user_087|user_088,2022-02-26,807654.92,False,688.0,10
group_299,Startup Sprint Ops #299,flatmates,user_001|user_019|user_020|user_084|user_100,2022-08-30,775930.11,False,,3
group_300,Startup Sprint Ops #300,flatmates,user_012|user_019|user_036|user_055|user_074|user_094,2021-10-10,649549.1,False,680.0,6
group_301,Friends Weekend Plan #301,project,user_011|user_018|user_030|user_032|user_043|user_050|user_053|user_054|user_055|user_062|user_064|user_069|user_071|user_075|user_078|user_082|user_084|user_089,2023-06-17,492318.74,False,,5
group_302,Startup Sprint Ops #302,flatmates,user_001|user_003|user_008|user_015|user_018|user_027|user_045|user_047|user_061|user_072,2022-04-03,815969.15,False,,4
group_303,Goa Trip 2023 #303,friends,user_008|user_016|user_018|user_019|user_029|user_049|user_090|user_091|user_096,2022-08-01,773027.85,True,,7
group_304,Startup Sprint Ops #304,friends,user_002|user_004|user_010|user_011|user_018|user_019|user_020|user_021|user_024|user_032|user_047|user_054|user_061|user_068|user_073|user_077|user_096|user_098,2022-10-02,765064.45,False,,4
group_305,Friends Weekend Plan #305,friends,user_002|user_005|user_008|user_015|user_020|user_021|user_023|user_051|user_065|user_078|user_083|user_097,2023-05-11,653400.39,False,632.0,1
group_306,Project Field Study #306,trip,user_012|user_017|user_021|user_028|user_035|user_049|user_052|user_055|user_067|user_096,2021-12-07,671855.02,False,539.0,4
group_307,Flat 4B Utilities #307,startup,user_004|user_007|user_010|user_014|user_022|user_025|user_035|user_041|user_043|user_047|user_048|user_049|user_052|user_055|user_078|user_083|user_084|user_100,2021-09-10,627207.41,False,,5
group_308,Project Field Study #308,flatmates,user_025|user_040|user_097,2023-09-19,682572.54,False,623.0,4
group_309,Goa Trip 2023 #309,startup,user_006|user_007|user_041|user_062|user_073,2021-01-14,818297.63,False,644.0,7
group_310,Friends Weekend Plan #310,project,user_004|user_013|user_017|user_020|user_025|user_041|user_043|user_046|user_049|user_051|user_053|user_065|user_076|user_087|user_090|user_093|user_095|user_097|user_100,2021-02-28,757965.35,True,577.0,7
group_311,Flat 4B Utilities #311,flatmates,user_012|user_028|user_030|user_081|user_092,2023-02-19,803413.27,False,767.0,7
group_312,Project Field Study #312,friends,user_006|user_010|user_017|user_020|user_027|user_031|user_038|user_044|user_047|user_050|user_056|user_078|user_079|user_080|user_088|user_092|user_100,2021-06-01,837651.7,False,573.0,4
group_313,Friends Weekend Plan #313,flatmates,user_009|user_010|user_012|user_013|user_021|user_022|user_023|user_033|user_034|user_036|user_038|user_041|user_046|user_047|user_059|user_061|user_064|user_074|user_091|user_099,2021-07-12,784226.05,False,,5
group_314,Startup Sprint Ops #314,trip,user_011|user_017|user_037|user_041|user_047|user_048|user_052|user_053|user_057|user_058|user_065|user_066|user_080|user_088,2023-08-23,617834.21,False,,6
group_315,Goa Trip 2023 #315,friends,user_002|user_010|user_011|user_012|user_014|user_020|user_021|user_024|user_029|user_038|user_045|user_049|user_050|user_052|user_060|user_069|user_073|user_083|user_086|user_094,2022-11-04,787574.99,True,,4
group_316,Friends Weekend Plan #316,flatmates,user_005|user_015|user_020|user_028|user_036|user_044|user_059|user_061|user_063|user_070|user_078|user_090|user_095,2023-09-22,785833.29,True,516.0,5
group_317,Goa Trip 2023 #317,flatmates,user_028|user_047|user_056|user_061,2021-02-05,703572.79,False,716.0,4
group_318,Project Field Study #318,flatmates,user_009|user_011|user_019|user_023|user_036|user_039|user_052|user_054|user_058|user_082|user_092,2023-11-07,522290.23,False,,2
group_319,Flat 4B Utilities #319,startup,user_022|user_039|user_044|user_055|user_097,2022-10-14,817895.48,False,,6
group_320,Startup Sprint Ops #320,trip,user_002|user_010|user_019|user_026|user_042|user_046|user_050|user_072|user_074|user_075|user_077|user_079|user_086|user_089|user_093|user_094,2021-08-22,652214.27,False,575.0,5
group_321,Flat 4B Utilities #321,flatmates,user_001|user_005|user_013|user_015|user_017|user_034|user_053|user_058|user_067|user_075|user_082|user_087|user_093,2022-10-15,695526.21,False,585.0,10
group_322,Startup Sprint Ops #322,startup,user_002|user_003|user_025|user_027|user_045|user_047|user_048|user_074|user_087,2023-02-19,890573.63,False,563.0,4
group_323,Friends Weekend Plan #323,startup,user_015|user_021|user_023|user_037|user_043|user_046|user_048|user_049|user_053|user_055|user_056|user_059|user_067|user_070|user_071|user_077|user_098,2023-12-27,650151.88,False,,6
group_324,Friends Weekend Plan #324,project,user_003|user_012|user_014|user_053|user_079|user_084,2023-04-27,767590.9,True,,6
group_325,Friends Weekend Plan #325,friends,user_015|user_016|user_026|user_028|user_029|user_045|user_049|user_054|user_059|user_061|user_071|user_100,2023-09-29,801263.48,False,,5
group_326,Flat 4B Utilities #326,startup,user_001|user_002|user_004|user_005|user_029|user_031|user_034|user_035|user_037|user_040|user_054|user_065|user_085|user_087,2023-03-18,626267.5,False,662.0,9
group_327,Friends Weekend Plan #327,trip,user_025|user_031|user_051|user_056|user_072|user_074|user_079|user_083,2023-06-17,807086.58,False,,9
group_328,Project Field Study #328,flatmates,user_013|user_016|user_017|user_021|user_030|user_034|user_041|user_051|user_056|user_065|user_067|user_074|user_081|user_091|user_098,2022-05-16,824299.29,True,,5
group_329,Startup Sprint Ops #329,flatmates,user_002|user_004|user_011|user_017|user_020|user_049|user_059|user_070|user_074|user_076|user_080|user_081|user_091|user_094|user_096|user_099,2022-01-08,719227.26,False,613.0,5
group_330,Startup Sprint Ops #330,trip,user_007|user_032|user_034|user_049|user_069|user_085|user_093|user_099|user_100,2021-08-12,918375.06,False,,3
group_331,Goa Trip 2023 #331,friends,user_003|user_010|user_012|user_013|user_014|user_016|user_019|user_024|user_027|user_034|user_037|user_047|user_051|user_053|user_063|user_064|user_077,2023-08-30,679458.33,True,714.0,8
group_332,Startup Sprint Ops #332,startup,user_002|user_005|user_016|user_021|user_023|user_024|user_039|user_058|user_073|user_078|user_081|user_082|user_085,2023-01-22,810964.2,False,,6
group_333,Goa Trip 2023 #333,project,user_004|user_016|user_025|user_033|user_067|user_069|user_078|user_095,2023-03-06,789601.49,False,610.0,2
group_334,Flat 4B Utilities #334,startup,user_004|user_011|user_018|user_028|user_029|user_042,2022-03-02,757641.01,False,547.0,7
group_335,Startup Sprint Ops #335,flatmates,user_014|user_023|user_025|user_026|user_033|user_036|user_038|user_051|user_052|user_056|user_060|user_064|user_066|user_075|user_076|user_084|user_088|user_092|user_096|user_099,2021-11-16,819517.99,False,749.0,2
group_336,Goa Trip 2023 #336,project,user_009|user_014|user_022|user_026|user_035|user_041|user_046|user_048|user_050|user_055|user_058|user_073|user_077|user_078|user_080|user_081|user_096,2022-01-29,893703.4,False,650.0,9
group_337,Goa Trip 2023 #337,startup,user_004|user_010|user_015|user_016|user_019|user_024|user_028|user_032|user_041|user_042|user_046|user_048|user_055|user_085|user_100,2023-12-06,719423.61,True,,6
group_338,Friends Weekend Plan #338,friends,user_009|user_010|user_014|user_028|user_030|user_036|user_037|user_042|user_050|user_068|user_072|user_073|user_074|user_078|user_083|user_086|user_092,2022-05-09,775642.6,False,,5
group_339,Goa Trip 2023 #339,trip,user_006|user_036|user_054|user_064,2022-12-05,728958.37,True,667.0,5
group_340,Project Field Study #340,trip,user_001|user_003|user_005|user_017|user_037|user_052|user_060|user_069|user_074|user_083,2022-06-09,808890.52,False,535.0,8
group_341,Startup Sprint Ops #341,friends,user_036|user_039|user_041|user_054|user_093|user_097,2021-05-04,644850.04,False,660.0,4
group_342,Friends Weekend Plan #342,trip,user_039|user_051|user_059|user_090,2022-08-04,737205.56,False,,7
group_343,Goa Trip 2023 #343,flatmates,user_002|user_007|user_014|user_018|user_022|user_029|user_042|user_056|user_089|user_093,2022-07-28,650490.11,False,,4
group_344,Startup Sprint Ops #344,trip,user_006|user_007|user_015|user_034,2022-02-14,761926.75,False,694.0,5
group_345,Project Field Study #345,friends,user_016|user_017|user_018|user_019|user_041|user_059|user_075|user_097,2023-09-17,789109.11,False,,4
group_346,Flat 4B Utilities #346,trip,user_011|user_012|user_029|user_032|user_034|user_036|user_038|user_042|user_046|user_062|user_063|user_072|user_083|user_085|user_092|user_094|user_095|user_099,2021-04-27,675128.5,False,,7
group_347,Friends Weekend Plan #347,flatmates,user_028|user_060|user_086,2023-01-28,772936.54,True,606.0,12
group_348,Project Field Study #348,flatmates,user_014|user_017|user_020|user_029|user_047|user_050|user_058|user_059|user_065|user_080|user_084|user_091,2022-09-14,824056.63,True,642.0,6
group_349,Goa Trip 2023 #349,flatmates,user_014|user_019|user_040|user_060|user_074|user_083|user_088|user_096,2021-01-26,779605.87,False,595.0,7
group_350,Friends Weekend Plan #350,startup,user_061|user_068|user_085,2022-02-17,826078.14,True,543.0,5
group_351,Flat 4B Utilities #351,startup,user_007|user_013|user_020|user_028|user_035|user_043|user_048|user_049|user_051|user_055|user_056|user_057|user_065|user_066|user_084|user_094,2021-10-22,837027.03,False,641.0,6
group_352,Friends Weekend Plan #352,friends,user_005|user_007|user_009|user_013|user_014|user_015|user_029|user_031|user_032|user_035|user_036|user_056|user_069|user_074|user_080|user_083|user_088|user_090|user_092,2022-09-03,772694.55,True,637.0,5
group_353,Goa Trip 2023 #353,flatmates,user_001|user_022|user_027|user_037|user_045|user_077|user_082|user_091|user_094,2023-02-21,755116.24,False,744.0,5
group_354,Friends Weekend Plan #354,friends,user_002|user_009|user_019|user_022|user_024|user_041|user_043|user_059|user_086|user_088,2022-06-03,711608.84,True,,7
group_355,Friends Weekend Plan #355,flatmates,user_001|user_002|user_046|user_061|user_075|user_077|user_087|user_098,2023-01-05,696763.36,True,508.0,4
group_356,Friends Weekend Plan #356,friends,user_013|user_019|user_022|user_039|user_043|user_065|user_068|user_095|user_097|user_100,2022-06-29,679515.53,False,631.0,5
group_357,Friends Weekend Plan #357,trip,user_002|user_039|user_043|user_046|user_047|user_059|user_067|user_077|user_085|user_091|user_100,2022-02-24,887091.88,False,,7
group_358,Friends Weekend Plan #358,trip,user_004|user_012|user_019|user_025|user_027|user_029|user_032|user_046|user_047|user_056|user_064|user_074|user_085|user_090|user_095|user_096,2022-03-02,743437.74,False,778.0,4
group_359,Friends Weekend Plan #359,project,user_006|user_016|user_023|user_025|user_034|user_036|user_040|user_043|user_044|user_045|user_051|user_054|user_056|user_067|user_075|user_076|user_079|user_087|user_090,2022-06-24,716060.63,True,504.0,2
group_360,Flat 4B Utilities #360,startup,user_020|user_038|user_060|user_067|user_072|user_080|user_088,2023-01-27,749979.59,True,,4
group_361,Project Field Study #361,flatmates,user_001|user_006|user_007|user_016|user_018|user_028|user_033|user_037|user_040|user_045|user_046|user_056|user_063|user_065|user_076|user_085|user_086,2021-05-14,759956.81,False,,5
group_362,Project Field Study #362,startup,user_005|user_011|user_013|user_029|user_032|user_034|user_038|user_039|user_046|user_050|user_052|user_055|user_061|user_075|user_082|user_087,2021-09-27,699319.79,False,,2
group_363,Friends Weekend Plan #363,project,user_011|user_018|user_026|user_033|user_039|user_040|user_054|user_071|user_073,2021-10-12,710915.45,False,,6
group_364,Startup Sprint Ops #364,friends,user_041|user_057|user_065|user_068|user_088|user_089|user_092,2022-07-05,795318.69,False,715.0,7
group_365,Startup Sprint Ops #365,trip,user_004|user_012|user_017|user_018|user_032|user_039|user_048|user_054|user_066|user_070|user_072|user_073|user_075|user_079|user_080|user_097|user_099,2022-09-02,712460.4,True,503.0,4
group_366,Goa Trip 2023 #366,flatmates,user_007|user_008|user_011|user_013|user_014|user_016|user_035|user_038|user_043|user_059|user_062|user_066|user_073|user_075|user_077|user_084|user_087|user_089|user_095,2023-03-13,696117.42,True,,2
group_367,Flat 4B Utilities #367,trip,user_001|user_020|user_039|user_040|user_063|user_080|user_081|user_082|user_087|user_093,2021-04-15,620754.7,True,,1
group_368,Friends Weekend Plan #368,friends,user_004|user_008|user_014|user_016|user_027|user_039|user_051|user_057|user_061|user_065,2021-10-13,775158.65,False,779.0,4
group_369,Friends Weekend Plan #369,startup,user_003|user_016|user_019|user_022|user_024|user_026|user_031|user_056|user_061|user_066|user_070|user_079|user_082|user_085|user_090|user_095|user_096,2022-03-26,652445.78,False,752.0,3
group_370,Goa Trip 2023 #370,project,user_004|user_014|user_019|user_037|user_050|user_051|user_054|user_055|user_059|user_060|user_090,2022-08-28,733704.35,True,,6
group_371,Flat 4B Utilities #371,flatmates,user_002|user_006|user_009|user_018|user_021|user_027|user_036|user_045|user_046|user_050|user_059|user_060|user_065|user_066|user_068|user_091|user_093,2022-07-01,852122.78,False,673.0,7
group_372,Friends Weekend Plan #372,friends,user_009|user_036|user_039|user_051|user_083|user_085|user_098,2023-01-03,747503.8,False,592.0,2
group_373,Goa Trip 2023 #373,trip,user_042|user_045|user_052|user_075|user_076|user_080|user_090,2021-02-15,748546.79,False,,1
group_374,Flat 4B Utilities #374,flatmates,user_014|user_042|user_061|user_064|user_086|user_087,2021-06-13,802750.72,False,589.0,6
group_375,Goa Trip 2023 #375,friends,user_004|user_005|user_008|user_009|user_010|user_015|user_023|user_033|user_042|user_048|user_057|user_078|user_079|user_081|user_096|user_098,2022-08-10,764602.85,True,,3
group_376,Goa Trip 2023 #376,project,user_021|user_025|user_026|user_029|user_037|user_056|user_057|user_063|user_068|user_087|user_095,2021-02-07,742584.32,False,,6
group_377,Friends Weekend Plan #377,project,user_001|user_018|user_047|user_100,2023-04-30,751225.04,False,,7
group_378,Project Field Study #378,startup,user_009|user_010|user_011|user_017|user_018|user_025|user_027|user_046|user_049|user_055|user_057|user_061|user_064|user_065|user_072|user_073|user_074|user_080|user_081,2021-06-06,694120.34,True,,7
group_379,Project Field Study #379,trip,user_003|user_009|user_010|user_021|user_029|user_031|user_033|user_037|user_038|user_040|user_043|user_046|user_050|user_052|user_065|user_067|user_069|user_074|user_079|user_091,2023-04-29,725970.23,False,556.0,5
group_380,Flat 4B Utilities #380,project,user_004|user_005|user_008|user_018|user_026|user_034|user_043|user_044|user_054|user_084|user_098,2022-05-28,847891.4,False,,3
group_381,Goa Trip 2023 #381,friends,user_005|user_006|user_010|user_011|user_014|user_017|user_035|user_045|user_054|user_062|user_071|user_073|user_077|user_079|user_090|user_093|user_095|user_098,2023-02-28,788244.86,True,679.0,7
group_382,Flat 4B Utilities #382,friends,user_003|user_004|user_007|user_008|user_026|user_030|user_039|user_049|user_050|user_062|user_069|user_071|user_078|user_088|user_090|user_095|user_099|user_100,2023-12-26,688300.1,False,,5
group_383,Project Field Study #383,trip,user_002|user_008|user_012|user_016|user_025|user_030|user_031|user_044|user_046|user_048|user_053|user_056|user_069|user_076|user_079|user_096|user_097,2021-01-24,757645.7,False,,7
group_384,Goa Trip 2023 #384,startup,user_008|user_017|user_024|user_037|user_057,2022-06-28,769602.41,False,625.0,5
group_385,Project Field Study #385,flatmates,user_010|user_016|user_033|user_051|user_062|user_078|user_085,2023-02-08,721232.41,False,,6
group_386,Friends Weekend Plan #386,project,user_007|user_014|user_032|user_035|user_038|user_039|user_041|user_045|user_047|user_065|user_068|user_070|user_071|user_084|user_090|user_092|user_100,2023-01-26,730544.77,True,,6
group_387,Goa Trip 2023 #387,startup,user_003|user_005|user_015|user_016|user_019|user_027|user_030|user_031|user_040|user_048|user_057|user_059|user_064|user_071|user_084|user_090|user_093|user_095|user_098,2022-03-08,864452.09,False,,5
group_388,Goa Trip 2023 #388,friends,user_036|user_050|user_064|user_079,2022-08-21,827780.83,False,,3
group_389,Project Field Study #389,flatmates,user_004|user_005|user_007|user_024|user_034|user_040|user_044|user_045|user_056|user_069|user_070|user_078|user_085|user_097|user_098,2021-02-12,583167.79,False,722.0,5
group_390,Startup Sprint Ops #390,project,user_014|user_050|user_071|user_093,2022-12-22,914537.21,False,765.0,1
group_391,Startup Sprint Ops #391,trip,user_002|user_017|user_031|user_036|user_049|user_060|user_088|user_096,2022-01-24,784150.34,False,651.0,2
group_392,Startup Sprint Ops #392,flatmates,user_002|user_005|user_016|user_033|user_035|user_036|user_040|user_042|user_047|user_073|user_078|user_079|user_084|user_085|user_099,2022-11-21,782379.81,False,,4
group_393,Startup Sprint Ops #393,startup,user_005|user_008|user_009|user_011|user_024|user_028|user_036|user_041|user_046|user_053|user_057|user_062|user_071|user_072|user_075|user_079|user_082,2022-02-08,775305.52,False,,7
group_394,Project Field Study #394,friends,user_005|user_007|user_015|user_019|user_024|user_030|user_080|user_084,2023-06-20,919768.2,False,,5
group_395,Goa Trip 2023 #395,project,user_003|user_006|user_014|user_031|user_033|user_045|user_046|user_070|user_077|user_087|user_092,2022-11-21,731966.08,True,,2
group_396,Flat 4B Utilities #396,trip,user_010|user_037|user_042|user_048|user_054|user_055|user_074|user_083|user_088,2022-05-23,647223.07,False,684.0,12
group_397,Project Field Study #397,project,user_004|user_006|user_014|user_020|user_021|user_028|user_038|user_041|user_048|user_061|user_066|user_076|user_078|user_080|user_084|user_092,2022-06-19,572693.57,False,,4
group_398,Project Field Study #398,project,user_010|user_011|user_029|user_049|user_073|user_084|user_098,2023-09-07,707533.27,False,,7
group_399,Goa Trip 2023 #399,flatmates,user_007|user_025|user_030|user_032|user_035|user_038|user_041|user_043|user_047|user_057|user_059|user_061|user_067|user_068|user_074|user_078|user_085|user_096|user_099,2022-11-23,849173.94,False,709.0,7
group_400,Friends Weekend Plan #400,project,user_010|user_046|user_047|user_065|user_072,2021-12-24,1016000.17,False,,7
group_401,Flat 4B Utilities #401,project,user_032|user_053|user_069|user_075|user_086|user_087|user_100,2022-02-09,609962.97,False,674.0,1
group_402,Friends Weekend Plan #402,flatmates,user_011|user_019|user_053|user_054|user_065|user_074,2021-10-07,730103.93,False,,4
group_403,Goa Trip 2023 #403,flatmates,user_034|user_054|user_061|user_071|user_092|user_098,2021-02-22,747186.22,False,,5
group_404,Startup Sprint Ops #404,flatmates,user_017|user_050|user_055|user_066|user_068,2022-09-17,744911.73,False,623.0,2
group_405,Goa Trip 2023 #405,trip,user_014|user_044|user_076|user_078|user_079|user_093,2022-07-06,704780.6,False,709.0,5
group_406,Friends Weekend Plan #406,friends,user_001|user_011|user_018|user_020|user_024|user_038|user_048|user_062|user_066|user_076|user_087|user_090|user_093|user_094|user_097|user_099,2022-05-13,770468.14,False,760.0,5
group_407,Project Field Study #407,project,user_007|user_030|user_039|user_044|user_064|user_073,2023-06-20,736092.33,False,718.0,5
group_408,Project Field Study #408,startup,user_006|user_019|user_023|user_027|user_036|user_041|user_050|user_056|user_067|user_074|user_094|user_095|user_097,2021-06-04,626939.15,False,,7
group_409,Startup Sprint Ops #409,flatmates,user_014|user_022|user_029|user_030|user_034|user_036|user_037|user_057|user_063|user_078|user_086|user_097,2021-05-30,761537.49,True,,6
group_410,Project Field Study #410,flatmates,user_006|user_070|user_077,2021-01-11,694630.71,False,513.0,7
group_411,Goa Trip 2023 #411,trip,user_017|user_037|user_038|user_055|user_057|user_059|user_067|user_074|user_094,2022-11-22,768805.45,False,752.0,5
group_412,Startup Sprint Ops #412,trip,user_015|user_018|user_036|user_086|user_094,2021-12-12,736423.56,False,,2
group_413,Goa Trip 2023 #413,trip,user_005|user_010|user_013|user_025|user_036|user_041|user_043|user_056|user_059|user_066|user_067|user_072|user_081|user_085|user_087|user_089|user_091|user_095|user_100,2022-01-18,693626.42,True,,9
group_414,Flat 4B Utilities #414,trip,user_017|user_020|user_024|user_034|user_037|user_061|user_063|user_064|user_094,2023-03-14,861467.36,False,,7
group_415,Startup Sprint Ops #415,friends,user_005|user_009|user_023|user_027|user_031|user_034|user_049|user_054|user_063|user_072|user_075|user_079|user_081|user_082|user_089|user_091,2023-04-05,625649.93,False,592.0,3
group_416,Flat 4B Utilities #416,trip,user_013|user_038|user_046|user_051|user_062|user_063|user_070|user_077|user_081|user_086,2022-03-23,766303.47,False,728.0,4
group_417,Flat 4B Utilities #417,friends,user_015|user_023|user_041|user_045|user_051|user_055|user_060|user_085|user_090|user_091,2023-01-30,640784.72,False,,3
group_418,Friends Weekend Plan #418,friends,user_008|user_028|user_034|user_035|user_041|user_042|user_051|user_053|user_065|user_072|user_087|user_099,2022-09-12,737991.71,True,527.0,2
group_419,Project Field Study #419,project,user_006|user_015|user_017|user_022|user_027|user_029|user_040|user_043|user_044|user_053|user_058|user_069|user_074|user_079|user_081|user_082|user_094|user_100,2021-01-31,711252.31,False,510.0,4
group_420,Project Field Study #420,trip,user_043|user_046|user_091|user_099|user_100,2023-10-15,701656.0,True,607.0,1
group_421,Project Field Study #421,friends,user_002|user_003|user_005|user_014|user_021|user_026|user_028|user_030|user_032|user_038|user_043|user_048|user_051|user_053|user_068|user_069|user_071|user_092|user_094|user_097,2023-01-24,871242.58,True,644.0,1
group_422,Flat 4B Utilities #422,trip,user_030|user_081|user_099,2022-02-28,741726.55,False,693.0,2
group_423,Friends Weekend Plan #423,trip,user_010|user_011|user_035|user_065|user_091|user_093|user_095,2021-01-23,635194.62,False,,6
group_424,Startup Sprint Ops #424,friends,user_025|user_040|user_051|user_076|user_078|user_095,2023-03-07,682023.71,False,654.0,4
group_425,Project Field Study #425,project,user_012|user_013|user_026|user_029|user_034|user_036|user_037|user_038|user_049|user_053|user_055|user_061|user_062|user_072|user_074|user_084|user_090,2022-01-15,789755.62,False,754.0,5
group_426,Goa Trip 2023 #426,startup,user_004|user_014|user_029|user_030|user_048|user_051|user_058|user_062|user_070|user_073|user_074|user_092|user_098|user_099,2022-06-01,749587.82,True,,8
group_427,Startup Sprint Ops #427,startup,user_008|user_011|user_019|user_022|user_027|user_030|user_032|user_033|user_052|user_053|user_061|user_063|user_064|user_067|user_073|user_076|user_079|user_093|user_098|user_099,2021-08-22,800535.35,True,,7
group_428,Friends Weekend Plan #428,friends,user_027|user_031|user_041|user_042|user_063|user_064|user_070|user_072|user_084|user_089|user_097,2023-03-11,730529.3,False,,4
group_429,Friends Weekend Plan #429,flatmates,user_002|user_005|user_010|user_015|user_016|user_017|user_021|user_022|user_026|user_049|user_055|user_057|user_067|user_090|user_096|user_097,2023-08-31,716909.35,False,,5
group_430,Startup Sprint Ops #430,project,user_002|user_016|user_019|user_022|user_027|user_035|user_038|user_042|user_048|user_052|user_054|user_056|user_067|user_073|user_079|user_084|user_087|user_088|user_092|user_093,2023-07-29,820360.79,True,,9
group_431,Goa Trip 2023 #431,startup,user_002|user_009|user_018|user_020|user_022|user_023|user_041|user_054|user_061|user_068|user_092|user_093|user_096,2023-12-26,863357.63,True,548.0,3
group_432,Flat 4B Utilities #432,startup,user_002|user_008|user_009|user_013|user_021|user_029|user_045|user_060|user_072|user_077|user_080|user_081|user_082,2022-03-18,850886.6,False,718.0,5
group_433,Flat 4B Utilities #433,startup,user_010|user_014|user_020|user_026|user_033|user_052|user_070|user_072|user_076|user_080|user_083|user_085|user_094|user_099,2021-10-05,578675.9,True,,6
group_434,Flat 4B Utilities #434,flatmates,user_001|user_012|user_019|user_022|user_027|user_028|user_030|user_036|user_043|user_050|user_061|user_074|user_076|user_078|user_079|user_083|user_086|user_095|user_099,2023-01-09,865891.9,False,,5
group_435,Friends Weekend Plan #435,startup,user_018|user_055|user_057|user_066,2022-04-16,783387.63,False,,1
group_436,Project Field Study #436,friends,user_011|user_019|user_022|user_028|user_036|user_040|user_041|user_046|user_049|user_050|user_051|user_056|user_061|user_067|user_068|user_078|user_082|user_091|user_092|user_100,2023-02-01,677238.28,False,,4
group_437,Friends Weekend Plan #437,startup,user_002|user_004|user_023|user_025|user_026|user_028|user_045|user_047|user_048|user_049|user_055|user_056|user_060|user_072|user_079|user_084|user_086|user_094|user_096|user_099,2023-03-29,718339.4,True,658.0,2
group_438,Goa Trip 2023 #438,startup,user_002|user_033|user_035|user_048|user_065|user_078,2023-09-24,879721.2,False,522.0,5
group_439,Project Field Study #439,trip,user_004|user_008|user_023|user_059|user_061|user_063|user_074|user_078|user_081|user_092|user_096,2021-03-01,885079.11,False,,6
group_440,Goa Trip 2023 #440,startup,user_008|user_011|user_016|user_054|user_057|user_082|user_091,2021-06-01,607895.52,False,,7
group_441,Flat 4B Utilities #441,project,user_041|user_043|user_087,2022-07-23,837859.91,False,706.0,5
group_442,Flat 4B Utilities #442,startup,user_009|user_025|user_065|user_098,2021-05-11,696868.54,True,522.0,7
group_443,Project Field Study #443,startup,user_001|user_023|user_036|user_040|user_053|user_065|user_082|user_089|user_096,2021-07-02,921906.56,False,544.0,3
group_444,Project Field Study #444,trip,user_012|user_015|user_024|user_041|user_094,2021-09-21,728048.53,False,611.0,2
group_445,Flat 4B Utilities #445,project,user_007|user_011|user_017|user_023|user_025|user_032|user_036|user_037|user_040|user_049|user_083|user_088|user_091|user_093|user_095|user_096|user_097,2022-05-06,733554.61,False,596.0,4
group_446,Startup Sprint Ops #446,startup,user_012|user_023|user_034|user_038|user_046|user_057|user_063|user_075|user_090,2023-09-25,683244.86,False,,1
group_447,Goa Trip 2023 #447,project,user_020|user_027|user_035|user_037|user_044|user_045|user_056|user_065|user_069|user_071|user_073|user_083|user_088|user_090|user_096,2021-11-24,710357.12,True,739.0,7
group_448,Flat 4B Utilities #448,friends,user_015|user_067|user_081|user_085,2021-08-06,761831.27,False,665.0,11
group_449,Goa Trip 2023 #449,flatmates,user_002|user_005|user_014|user_021|user_042|user_043|user_044|user_046|user_054|user_061|user_076|user_081|user_083|user_085|user_090,2022-07-11,743330.12,False,,5
group_450,Project Field Study #450,project,user_057|user_059|user_079,2023-12-15,673395.88,False,704.0,3
group_451,Flat 4B Utilities #451,project,user_006|user_033|user_039|user_044|user_048|user_052|user_062|user_077|user_087|user_093,2021-06-17,631059.96,False,637.0,6
group_452,Startup Sprint Ops #452,project,user_021|user_022|user_066,2023-12-20,721372.68,False,,5
group_453,Startup Sprint Ops #453,friends,user_007|user_012|user_019|user_040|user_043|user_085|user_099,2022-09-08,628353.29,True,,5
group_454,Flat 4B Utilities #454,flatmates,user_011|user_012|user_023|user_024|user_027|user_031|user_039|user_040|user_056,2023-11-30,761653.12,False,,4
group_455,Flat 4B Utilities #455,friends,user_013|user_017|user_021|user_028|user_032|user_041|user_045|user_049|user_050|user_051|user_060|user_061|user_071|user_086|user_088|user_090|user_091|user_098,2022-05-24,684421.65,False,717.0,4
group_456,Friends Weekend Plan #456,trip,user_001|user_004|user_010|user_023|user_029|user_031|user_044|user_045|user_047|user_048|user_063|user_065|user_076|user_077|user_078|user_079|user_086|user_095|user_097|user_099,2023-09-30,885534.38,True,,6
group_457,Startup Sprint Ops #457,friends,user_012|user_028|user_039|user_056,2023-10-14,807704.39,True,577.0,4
group_458,Friends Weekend Plan #458,trip,user_005|user_014|user_021|user_023|user_034|user_050|user_051|user_054|user_062|user_067|user_087|user_088,2022-06-22,649863.71,False,551.0,2
group_459,Project Field Study #459,project,user_017|user_021|user_041,2022-08-20,597671.58,False,505.0,5
group_460,Startup Sprint Ops #460,project,user_007|user_015|user_034|user_039|user_048|user_055|user_058|user_061|user_065|user_078|user_082|user_092|user_095|user_099|user_100,2022-07-21,726491.79,True,591.0,2
group_461,Goa Trip 2023 #461,friends,user_001|user_006|user_007|user_011|user_020|user_026|user_034|user_037|user_044|user_050|user_056|user_059|user_060|user_066|user_076|user_079|user_087|user_091|user_094|user_098,2022-12-16,631102.39,False,689.0,2
group_462,Project Field Study #462,trip,user_003|user_004|user_005|user_023|user_035|user_038|user_039|user_042|user_044|user_046|user_054|user_058|user_070|user_082|user_087|user_099,2022-07-09,760294.15,False,772.0,7
group_463,Startup Sprint Ops #463,startup,user_011|user_013|user_017|user_019|user_023|user_056|user_064|user_069|user_082|user_094,2022-12-13,893085.81,False,624.0,3
group_464,Flat 4B Utilities #464,project,user_005|user_010|user_042|user_048,2023-09-18,677281.03,False,551.0,4
group_465,Project Field Study #465,flatmates,user_003|user_011|user_015|user_024|user_025|user_033|user_034|user_039|user_044|user_052|user_055|user_056|user_066|user_074|user_079|user_082|user_084|user_093|user_096,2023-12-15,787618.34,False,691.0,8
group_466,Goa Trip 2023 #466,project,user_024|user_036|user_056|user_065|user_086|user_089|user_096|user_098|user_100,2022-09-12,843532.79,False,645.0,6
group_467,Friends Weekend Plan #467,flatmates,user_003|user_027|user_053,2022-03-03,636008.57,True,,8
group_468,Friends Weekend Plan #468,project,user_003|user_009|user_029|user_037|user_042|user_078|user_079|user_091|user_092|user_094,2022-10-16,711422.33,False,668.0,9
group_469,Goa Trip 2023 #469,project,user_002|user_020|user_022|user_027|user_033|user_041|user_044|user_045|user_050|user_052|user_057|user_060|user_064|user_069|user_072|user_087|user_090|user_096,2021-05-03,695373.84,False,,11
group_470,Friends Weekend Plan #470,trip,user_038|user_039|user_041|user_048|user_058|user_068|user_087|user_096|user_097,2021-08-31,692645.3,False,585.0,5
group_471,Flat 4B Utilities #471,flatmates,user_003|user_013|user_016|user_017|user_031|user_037|user_049|user_051|user_054|user_063|user_069|user_072|user_078|user_096|user_097|user_098,2021-06-21,774448.04,False,,6
group_472,Startup Sprint Ops #472,project,user_014|user_028|user_036|user_041|user_046|user_047|user_053|user_054|user_071|user_077|user_081|user_086|user_088|user_097|user_099,2023-04-13,816219.71,False,615.0,4
group_473,Flat 4B Utilities #473,trip,user_001|user_013|user_021|user_023|user_037|user_043|user_050|user_052|user_053|user_054|user_058|user_060|user_069|user_075|user_084|user_088|user_097|user_098,2023-08-20,676827.8,True,,4
group_474,Project Field Study #474,flatmates,user_003|user_012|user_022|user_032|user_042|user_048|user_050|user_061|user_071|user_073|user_077|user_079|user_081|user_084|user_088|user_096,2021-09-08,568449.91,False,,2
group_475,Goa Trip 2023 #475,project,user_004|user_009|user_017|user_023|user_026|user_027|user_031|user_032|user_038|user_042|user_057|user_059|user_060|user_065|user_074|user_078|user_088|user_092,2022-05-30,702129.11,False,,5
group_476,Project Field Study #476,project,user_001|user_005|user_009|user_010|user_016|user_034|user_050|user_053|user_054|user_061|user_067|user_069|user_087|user_088|user_092|user_093|user_096,2021-02-06,886361.61,False,530.0,15
group_477,Project Field Study #477,trip,user_006|user_014|user_016|user_019|user_034|user_047|user_052|user_055|user_057|user_066|user_081|user_084|user_092|user_093|user_099,2021-09-20,780255.71,False,,8
group_478,Friends Weekend Plan #478,flatmates,user_010|user_013|user_027|user_034|user_043|user_059|user_062|user_083|user_089|user_091,2022-02-08,940398.22,False,727.0,4
group_479,Startup Sprint Ops #479,flatmates,user_004|user_005|user_018|user_019|user_029|user_034|user_036|user_037|user_038|user_047|user_048|user_067|user_073|user_077|user_090|user_092|user_098,2023-06-01,750932.89,False,743.0,5
group_480,Flat 4B Utilities #480,project,user_004|user_017|user_019|user_020|user_030|user_033|user_038|user_050|user_078|user_082|user_089|user_096,2022-04-16,695734.41,True,506.0,4
group_481,Project Field Study #481,startup,user_020|user_022|user_041|user_045|user_052|user_062|user_065|user_066|user_067|user_076|user_080|user_083|user_093|user_096,2022-08-11,721904.17,False,,4
group_482,Friends Weekend Plan #482,friends,user_002|user_009|user_016|user_020|user_023|user_026|user_027|user_029|user_036|user_040|user_044|user_046|user_049|user_062|user_078|user_084|user_086|user_094|user_100,2023-06-04,752352.99,False,,3
group_483,Startup Sprint Ops #483,project,user_005|user_009|user_013|user_043|user_047|user_052|user_065|user_081|user_086,2023-04-11,687993.5,False,,5
group_484,Flat 4B Utilities #484,startup,user_032|user_058|user_067|user_073,2021-10-11,761635.45,False,,12
group_485,Flat 4B Utilities #485,project,user_006|user_008|user_009|user_012|user_017|user_023|user_025|user_027|user_030|user_035|user_036|user_039|user_067|user_071|user_078|user_094|user_096,2023-06-22,688445.26,False,,3
group_486,Friends Weekend Plan #486,startup,user_010|user_011|user_013|user_015|user_026|user_028|user_057|user_061|user_062|user_070|user_076|user_077|user_082,2023-06-04,818743.0,True,,11
group_487,Project Field Study #487,friends,user_001|user_023|user_025|user_033|user_035|user_043|user_053|user_059|user_064|user_076|user_077|user_079|user_081|user_082|user_083|user_097|user_100,2023-03-10,834333.88,True,653.0,4
group_488,Goa Trip 2023 #488,friends,user_001|user_015|user_021|user_023|user_024|user_032|user_036|user_040|user_041|user_044|user_057|user_061|user_063|user_064|user_065|user_066|user_072|user_081|user_087|user_097,2023-11-12,821569.95,False,726.0,3
group_489,Startup Sprint Ops #489,flatmates,user_014|user_020|user_024|user_025|user_027|user_028|user_030|user_039|user_040|user_041|user_061|user_065|user_068|user_074|user_079|user_087|user_088|user_098|user_099|user_100,2021-10-26,780009.64,False,,8
group_490,Startup Sprint Ops #490,flatmates,user_042|user_054|user_061|user_067|user_077|user_084|user_093|user_100,2022-02-13,783434.48,False,655.0,5
group_491,Startup Sprint Ops #491,friends,user_040|user_041|user_043|user_046|user_058|user_094|user_096,2023-05-26,590850.99,False,,5
group_492,Startup Sprint Ops #492,startup,user_003|user_008|user_018|user_026|user_027|user_033|user_036|user_046|user_053|user_059|user_083|user_085|user_091|user_092|user_099,2021-02-06,764949.92,False,695.0,4
group_493,Friends Weekend Plan #493,friends,user_006|user_010|user_014|user_021|user_026|user_028|user_032|user_036|user_042|user_057|user_061|user_062|user_065|user_072|user_076|user_080|user_085|user_093|user_095|user_100,2022-01-24,770121.23,True,,5
group_494,Friends Weekend Plan #494,startup,user_008|user_036|user_044|user_048|user_069|user_082,2021-06-22,691371.89,False,537.0,7
group_495,Goa Trip 2023 #495,flatmates,user_012|user_020|user_026|user_032|user_034|user_038|user_039|user_042|user_057|user_068|user_070|user_072|user_074|user_076|user_085|user_098,2021-04-16,678475.79,False,660.0,6
group_496,Goa Trip 2023 #496,friends,user_003|user_018|user_024|user_026|user_028|user_030|user_033|user_034|user_042|user_043|user_047|user_059|user_060|user_078|user_087|user_091|user_096,2022-10-26,789663.18,False,,4
group_497,Project Field Study #497,trip,user_003|user_005|user_008|user_009|user_010|user_012|user_037|user_042|user_043|user_048|user_056|user_063|user_065|user_066|user_069|user_073|user_074|user_082|user_095,2023-04-07,1012337.29,True,,8
group_498,Startup Sprint Ops #498,friends,user_010|user_020|user_024|user_025|user_036|user_043|user_056|user_058|user_060|user_074|user_079|user_083|user_084|user_088|user_095|user_097|user_099,2023-03-31,823114.62,False,,6
group_499,Startup Sprint Ops #499,project,user_001|user_002|user_003|user_020|user_029|user_034|user_038|user_042|user_050|user_055|user_074|user_075|user_080|user_087|user_099,2022-12-13,633141.07,False,602.0,6
group_500,Goa Trip 2023 #500,project,user_013|user_019|user_024|user_025|user_027|user_040|user_099,2023-07-25,725432.93,False,,4
